route;date;boardings;month
1;2025-01-01;1860;2025-01
1;2025-01-02;5610;2025-01
1;2025-01-03;7268;2025-01
1;2025-01-04;6760;2025-01
1;2025-01-05;7277;2025-01
1;2025-01-06;8006;2025-01
1;2025-01-07;6639;2025-01
1;2025-01-08;7332;2025-01
1;2025-01-09;23116;2025-01
1;2025-01-10;19432;2025-01
1;2025-01-11;8940;2025-01
1;2025-01-12;8182;2025-01
1;2025-01-13;19893;2025-01
1;2025-01-14;20675;2025-01
1;2025-01-15;21147;2025-01
1;2025-01-16;21714;2025-01
1;2025-01-17;20597;2025-01
1;2025-01-18;10842;2025-01
1;2025-01-19;10629;2025-01
1;2025-01-20;19374;2025-01
1;2025-01-21;19933;2025-01
1;2025-01-22;21181;2025-01
1;2025-01-23;21789;2025-01
1;2025-01-24;20836;2025-01
1;2025-01-25;9953;2025-01
1;2025-01-26;7916;2025-01
1;2025-01-27;20835;2025-01
1;2025-01-28;21288;2025-01
1;2025-01-29;19643;2025-01
1;2025-01-30;23335;2025-01
1;2025-01-31;21922;2025-01
1;2025-02-01;10014;2025-02
1;2025-02-02;8235;2025-02
1;2025-02-03;20647;2025-02
1;2025-02-04;20270;2025-02
1;2025-02-05;20890;2025-02
1;2025-02-06;21998;2025-02
1;2025-02-07;20744;2025-02
1;2025-02-08;10485;2025-02
1;2025-02-09;8770;2025-02
1;2025-02-10;21010;2025-02
1;2025-02-11;20822;2025-02
1;2025-02-12;21762;2025-02
1;2025-02-13;19923;2025-02
1;2025-02-14;20846;2025-02
1;2025-02-15;10379;2025-02
1;2025-02-16;9006;2025-02
1;2025-02-17;19712;2025-02
1;2025-02-18;20696;2025-02
1;2025-02-19;21539;2025-02
1;2025-02-20;20260;2025-02
1;2025-02-21;24038;2025-02
1;2025-02-22;11304;2025-02
1;2025-02-23;8745;2025-02
1;2025-02-24;20365;2025-02
1;2025-02-25;21429;2025-02
1;2025-02-26;21673;2025-02
1;2025-02-27;22639;2025-02
1;2025-02-28;21674;2025-02
1;2025-03-01;10930;2025-03
1;2025-03-02;8395;2025-03
1;2025-03-03;20320;2025-03
1;2025-03-04;22310;2025-03
1;2025-03-05;22060;2025-03
1;2025-03-06;22641;2025-03
1;2025-03-07;24230;2025-03
1;2025-03-08;10291;2025-03
1;2025-03-09;9743;2025-03
1;2025-03-10;23087;2025-03
1;2025-03-11;22718;2025-03
1;2025-03-12;21712;2025-03
1;2025-03-13;21832;2025-03
1;2025-03-14;20892;2025-03
1;2025-03-15;11039;2025-03
1;2025-03-16;9914;2025-03
1;2025-03-17;21821;2025-03
1;2025-03-18;22080;2025-03
1;2025-03-19;22539;2025-03
1;2025-03-20;23124;2025-03
1;2025-03-21;22288;2025-03
1;2025-03-22;11549;2025-03
1;2025-03-23;9396;2025-03
1;2025-03-24;21366;2025-03
1;2025-03-25;21836;2025-03
1;2025-03-26;22225;2025-03
1;2025-03-27;21682;2025-03
1;2025-03-28;22807;2025-03
1;2025-03-29;10833;2025-03
1;2025-03-30;10879;2025-03
1;2025-03-31;16502;2025-03
1;2025-04-01;18130;2025-04
1;2025-04-02;18834;2025-04
1;2025-04-03;17152;2025-04
1;2025-04-04;18930;2025-04
1;2025-04-05;10241;2025-04
1;2025-04-06;7239;2025-04
1;2025-04-07;22251;2025-04
1;2025-04-08;25109;2025-04
1;2025-04-09;27083;2025-04
1;2025-04-10;24547;2025-04
1;2025-04-11;20857;2025-04
1;2025-04-12;12235;2025-04
1;2025-04-13;11368;2025-04
1;2025-04-14;22002;2025-04
1;2025-04-15;22931;2025-04
1;2025-04-16;24739;2025-04
1;2025-04-17;22623;2025-04
1;2025-04-18;24680;2025-04
1;2025-04-19;12466;2025-04
1;2025-04-20;9396;2025-04
1;2025-04-21;22832;2025-04
1;2025-04-22;25605;2025-04
1;2025-04-23;23393;2025-04
1;2025-04-24;23281;2025-04
1;2025-04-25;21678;2025-04
1;2025-04-26;10832;2025-04
1;2025-04-27;8719;2025-04
1;2025-04-28;22530;2025-04
1;2025-04-29;21865;2025-04
1;2025-04-30;21148;2025-04
1;2025-05-01;7040;2025-05
1;2025-05-02;7352;2025-05
1;2025-05-03;8425;2025-05
1;2025-05-04;8551;2025-05
1;2025-05-05;20093;2025-05
1;2025-05-06;22484;2025-05
1;2025-05-07;20165;2025-05
1;2025-05-08;9948;2025-05
1;2025-05-09;6821;2025-05
1;2025-05-10;8415;2025-05
1;2025-05-11;7951;2025-05
1;2025-05-12;22124;2025-05
1;2025-05-13;22090;2025-05
1;2025-05-14;22229;2025-05
1;2025-05-15;24419;2025-05
1;2025-05-16;21614;2025-05
1;2025-05-17;10187;2025-05
1;2025-05-18;8722;2025-05
1;2025-05-19;21381;2025-05
1;2025-05-20;21519;2025-05
1;2025-05-21;23052;2025-05
1;2025-05-22;21468;2025-05
1;2025-05-23;22325;2025-05
1;2025-05-24;10696;2025-05
1;2025-05-25;9528;2025-05
1;2025-05-26;20606;2025-05
1;2025-05-27;21529;2025-05
1;2025-05-28;21660;2025-05
1;2025-05-29;21809;2025-05
1;2025-05-30;20023;2025-05
1;2025-05-31;9761;2025-05
1;2025-06-01;8850;2025-06
1;2025-06-02;21087;2025-06
1;2025-06-03;21174;2025-06
1;2025-06-04;20921;2025-06
1;2025-06-05;22791;2025-06
1;2025-06-06;20995;2025-06
1;2025-06-07;10626;2025-06
1;2025-06-08;8499;2025-06
1;2025-06-09;20572;2025-06
1;2025-06-10;21825;2025-06
1;2025-06-11;20040;2025-06
1;2025-06-12;9820;2025-06
1;2025-06-13;7961;2025-06
1;2025-06-14;6953;2025-06
1;2025-06-15;7827;2025-06
1;2025-06-16;19754;2025-06
1;2025-06-17;18991;2025-06
1;2025-06-18;17712;2025-06
1;2025-06-19;18469;2025-06
1;2025-06-20;18041;2025-06
1;2025-06-21;9930;2025-06
1;2025-06-22;7938;2025-06
1;2025-06-23;19159;2025-06
1;2025-06-24;19023;2025-06
1;2025-06-25;17705;2025-06
1;2025-06-26;19519;2025-06
1;2025-06-27;18051;2025-06
1;2025-06-28;9434;2025-06
1;2025-06-29;7844;2025-06
1;2025-06-30;17686;2025-06
1;2025-07-01;17109;2025-07
1;2025-07-02;19064;2025-07
1;2025-07-03;19059;2025-07
1;2025-07-04;18685;2025-07
1;2025-07-05;9423;2025-07
1;2025-07-06;8232;2025-07
1;2025-07-07;16074;2025-07
1;2025-07-08;17915;2025-07
1;2025-07-09;16719;2025-07
1;2025-07-10;16764;2025-07
1;2025-07-11;16253;2025-07
1;2025-07-12;7454;2025-07
1;2025-07-13;7800;2025-07
1;2025-07-14;15171;2025-07
1;2025-07-15;15503;2025-07
1;2025-07-16;18622;2025-07
1;2025-07-17;16877;2025-07
1;2025-07-18;17026;2025-07
1;2025-07-19;8398;2025-07
1;2025-07-20;8172;2025-07
1;2025-07-21;13946;2025-07
1;2025-07-22;16647;2025-07
1;2025-07-23;17796;2025-07
1;2025-07-24;16091;2025-07
1;2025-07-25;16663;2025-07
1;2025-07-26;8546;2025-07
1;2025-07-27;8148;2025-07
1;2025-07-28;17275;2025-07
1;2025-07-29;17342;2025-07
1;2025-07-30;18257;2025-07
1;2025-07-31;19126;2025-07
1;2025-08-01;15848;2025-08
1;2025-08-02;8539;2025-08
1;2025-08-03;7979;2025-08
1;2025-08-04;14467;2025-08
1;2025-08-05;17193;2025-08
1;2025-08-06;19183;2025-08
1;2025-08-07;16585;2025-08
1;2025-08-08;16547;2025-08
1;2025-08-09;8226;2025-08
1;2025-08-10;7053;2025-08
1;2025-08-11;15735;2025-08
1;2025-08-12;17067;2025-08
1;2025-08-13;18403;2025-08
1;2025-08-14;17392;2025-08
1;2025-08-15;17063;2025-08
1;2025-08-16;8319;2025-08
1;2025-08-17;8833;2025-08
1;2025-08-18;17199;2025-08
1;2025-08-19;18138;2025-08
1;2025-08-20;18273;2025-08
1;2025-08-21;17482;2025-08
1;2025-08-22;17147;2025-08
1;2025-08-23;7551;2025-08
1;2025-08-24;8110;2025-08
1;2025-08-25;18753;2025-08
1;2025-08-26;18088;2025-08
1;2025-08-27;19152;2025-08
1;2025-08-28;19795;2025-08
1;2025-08-29;17959;2025-08
1;2025-08-30;9984;2025-08
1;2025-08-31;9007;2025-08
1;2025-09-01;20624;2025-09
1;2025-09-02;20834;2025-09
1;2025-09-03;20945;2025-09
1;2025-09-04;21487;2025-09
1;2025-09-05;19543;2025-09
1;2025-09-06;9599;2025-09
1;2025-09-07;8476;2025-09
1;2025-09-08;21463;2025-09
1;2025-09-09;21874;2025-09
1;2025-09-10;21977;2025-09
1;2025-09-11;22741;2025-09
1;2025-09-12;20718;2025-09
1;2025-09-13;10156;2025-09
1;2025-09-14;8625;2025-09
1;2025-09-15;21817;2025-09
1;2025-09-16;22009;2025-09
1;2025-09-17;21443;2025-09
1;2025-09-18;22158;2025-09
1;2025-09-19;21427;2025-09
1;2025-09-20;9911;2025-09
1;2025-09-21;8304;2025-09
1;2025-09-22;21081;2025-09
1;2025-09-23;23568;2025-09
1;2025-09-24;21348;2025-09
1;2025-09-25;21645;2025-09
1;2025-09-26;21263;2025-09
1;2025-09-27;9571;2025-09
1;2025-09-28;8534;2025-09
1;2025-09-29;21447;2025-09
1;2025-09-30;22217;2025-09
1;2025-10-01;21483;2025-10
1;2025-10-02;19133;2025-10
1;2025-10-03;24140;2025-10
1;2025-10-04;10817;2025-10
1;2025-10-05;9359;2025-10
1;2025-10-06;23499;2025-10
1;2025-10-07;22047;2025-10
1;2025-10-08;22117;2025-10
1;2025-10-09;22689;2025-10
1;2025-10-10;22222;2025-10
1;2025-10-11;10807;2025-10
1;2025-10-12;9681;2025-10
1;2025-10-13;22465;2025-10
1;2025-10-14;22454;2025-10
1;2025-10-15;22606;2025-10
1;2025-10-16;22599;2025-10
1;2025-10-17;21445;2025-10
1;2025-10-18;12196;2025-10
1;2025-10-19;8494;2025-10
1;2025-10-20;22415;2025-10
1;2025-10-21;21624;2025-10
1;2025-10-22;23201;2025-10
1;2025-10-23;23046;2025-10
1;2025-10-24;22179;2025-10
1;2025-10-25;12239;2025-10
1;2025-10-26;8699;2025-10
1;2025-10-27;21968;2025-10
1;2025-10-28;21946;2025-10
1;2025-10-29;21299;2025-10
1;2025-10-30;20521;2025-10
1;2025-10-31;19898;2025-10
5;2025-01-01;0;2025-01
5;2025-01-02;0;2025-01
5;2025-01-03;0;2025-01
5;2025-01-04;0;2025-01
5;2025-01-05;0;2025-01
5;2025-01-06;0;2025-01
5;2025-01-07;0;2025-01
5;2025-01-08;0;2025-01
5;2025-01-09;0;2025-01
5;2025-01-10;0;2025-01
5;2025-01-11;0;2025-01
5;2025-01-12;0;2025-01
5;2025-01-13;0;2025-01
5;2025-01-14;0;2025-01
5;2025-01-15;0;2025-01
5;2025-01-16;0;2025-01
5;2025-01-17;0;2025-01
5;2025-01-18;0;2025-01
5;2025-01-19;0;2025-01
5;2025-01-20;0;2025-01
5;2025-01-21;0;2025-01
5;2025-01-22;0;2025-01
5;2025-01-23;0;2025-01
5;2025-01-24;0;2025-01
5;2025-01-25;0;2025-01
5;2025-01-26;0;2025-01
5;2025-01-27;0;2025-01
5;2025-01-28;0;2025-01
5;2025-01-29;0;2025-01
5;2025-01-30;0;2025-01
5;2025-01-31;0;2025-01
5;2025-02-01;0;2025-02
5;2025-02-02;0;2025-02
5;2025-02-03;0;2025-02
5;2025-02-04;0;2025-02
5;2025-02-05;0;2025-02
5;2025-02-06;0;2025-02
5;2025-02-07;0;2025-02
5;2025-02-08;0;2025-02
5;2025-02-09;0;2025-02
5;2025-02-10;0;2025-02
5;2025-02-11;0;2025-02
5;2025-02-12;0;2025-02
5;2025-02-13;0;2025-02
5;2025-02-14;0;2025-02
5;2025-02-15;0;2025-02
5;2025-02-16;0;2025-02
5;2025-02-17;0;2025-02
5;2025-02-18;0;2025-02
5;2025-02-19;0;2025-02
5;2025-02-20;0;2025-02
5;2025-02-21;0;2025-02
5;2025-02-22;0;2025-02
5;2025-02-23;0;2025-02
5;2025-02-24;0;2025-02
5;2025-02-25;0;2025-02
5;2025-02-26;0;2025-02
5;2025-02-27;0;2025-02
5;2025-02-28;0;2025-02
5;2025-03-01;0;2025-03
5;2025-03-02;0;2025-03
5;2025-03-03;0;2025-03
5;2025-03-04;0;2025-03
5;2025-03-05;0;2025-03
5;2025-03-06;0;2025-03
5;2025-03-07;0;2025-03
5;2025-03-08;0;2025-03
5;2025-03-09;0;2025-03
5;2025-03-10;0;2025-03
5;2025-03-11;0;2025-03
5;2025-03-12;0;2025-03
5;2025-03-13;0;2025-03
5;2025-03-14;0;2025-03
5;2025-03-15;0;2025-03
5;2025-03-16;0;2025-03
5;2025-03-17;0;2025-03
5;2025-03-18;0;2025-03
5;2025-03-19;0;2025-03
5;2025-03-20;0;2025-03
5;2025-03-21;0;2025-03
5;2025-03-22;0;2025-03
5;2025-03-23;0;2025-03
5;2025-03-24;0;2025-03
5;2025-03-25;0;2025-03
5;2025-03-26;0;2025-03
5;2025-03-27;0;2025-03
5;2025-03-28;0;2025-03
5;2025-03-29;0;2025-03
5;2025-03-30;0;2025-03
5;2025-03-31;0;2025-03
5;2025-04-01;0;2025-04
5;2025-04-02;0;2025-04
5;2025-04-03;0;2025-04
5;2025-04-04;0;2025-04
5;2025-04-05;0;2025-04
5;2025-04-06;0;2025-04
5;2025-04-07;0;2025-04
5;2025-04-08;0;2025-04
5;2025-04-09;0;2025-04
5;2025-04-10;0;2025-04
5;2025-04-11;0;2025-04
5;2025-04-12;0;2025-04
5;2025-04-13;0;2025-04
5;2025-04-14;0;2025-04
5;2025-04-15;0;2025-04
5;2025-04-16;0;2025-04
5;2025-04-17;0;2025-04
5;2025-04-18;0;2025-04
5;2025-04-19;0;2025-04
5;2025-04-20;0;2025-04
5;2025-04-21;0;2025-04
5;2025-04-22;0;2025-04
5;2025-04-23;0;2025-04
5;2025-04-24;0;2025-04
5;2025-04-25;0;2025-04
5;2025-04-26;0;2025-04
5;2025-04-27;0;2025-04
5;2025-04-28;0;2025-04
5;2025-04-29;0;2025-04
5;2025-04-30;0;2025-04
5;2025-05-01;0;2025-05
5;2025-05-02;0;2025-05
5;2025-05-03;0;2025-05
5;2025-05-04;0;2025-05
5;2025-05-05;0;2025-05
5;2025-05-06;0;2025-05
5;2025-05-07;0;2025-05
5;2025-05-08;0;2025-05
5;2025-05-09;0;2025-05
5;2025-05-10;0;2025-05
5;2025-05-11;0;2025-05
5;2025-05-12;0;2025-05
5;2025-05-13;0;2025-05
5;2025-05-14;0;2025-05
5;2025-05-15;0;2025-05
5;2025-05-16;0;2025-05
5;2025-05-17;0;2025-05
5;2025-05-18;0;2025-05
5;2025-05-19;0;2025-05
5;2025-05-20;0;2025-05
5;2025-05-21;0;2025-05
5;2025-05-22;0;2025-05
5;2025-05-23;0;2025-05
5;2025-05-24;0;2025-05
5;2025-05-25;0;2025-05
5;2025-05-26;0;2025-05
5;2025-05-27;0;2025-05
5;2025-05-28;0;2025-05
5;2025-05-29;0;2025-05
5;2025-05-30;0;2025-05
5;2025-05-31;0;2025-05
5;2025-06-01;0;2025-06
5;2025-06-02;0;2025-06
5;2025-06-03;0;2025-06
5;2025-06-04;0;2025-06
5;2025-06-05;0;2025-06
5;2025-06-06;0;2025-06
5;2025-06-07;0;2025-06
5;2025-06-08;0;2025-06
5;2025-06-09;0;2025-06
5;2025-06-10;0;2025-06
5;2025-06-11;0;2025-06
5;2025-06-12;0;2025-06
5;2025-06-13;0;2025-06
5;2025-06-14;0;2025-06
5;2025-06-15;0;2025-06
5;2025-06-16;0;2025-06
5;2025-06-17;0;2025-06
5;2025-06-18;0;2025-06
5;2025-06-19;0;2025-06
5;2025-06-20;0;2025-06
5;2025-06-21;0;2025-06
5;2025-06-22;0;2025-06
5;2025-06-23;0;2025-06
5;2025-06-24;0;2025-06
5;2025-06-25;0;2025-06
5;2025-06-26;0;2025-06
5;2025-06-27;0;2025-06
5;2025-06-28;0;2025-06
5;2025-06-29;0;2025-06
5;2025-06-30;0;2025-06
5;2025-07-01;0;2025-07
5;2025-07-02;0;2025-07
5;2025-07-03;0;2025-07
5;2025-07-04;0;2025-07
5;2025-07-05;0;2025-07
5;2025-07-06;0;2025-07
5;2025-07-07;0;2025-07
5;2025-07-08;0;2025-07
5;2025-07-09;0;2025-07
5;2025-07-10;0;2025-07
5;2025-07-11;0;2025-07
5;2025-07-12;0;2025-07
5;2025-07-13;0;2025-07
5;2025-07-14;0;2025-07
5;2025-07-15;0;2025-07
5;2025-07-16;0;2025-07
5;2025-07-17;0;2025-07
5;2025-07-18;0;2025-07
5;2025-07-19;0;2025-07
5;2025-07-20;0;2025-07
5;2025-07-21;0;2025-07
5;2025-07-22;0;2025-07
5;2025-07-23;0;2025-07
5;2025-07-24;0;2025-07
5;2025-07-25;0;2025-07
5;2025-07-26;0;2025-07
5;2025-07-27;0;2025-07
5;2025-07-28;0;2025-07
5;2025-07-29;0;2025-07
5;2025-07-30;0;2025-07
5;2025-07-31;0;2025-07
5;2025-08-01;0;2025-08
5;2025-08-02;0;2025-08
5;2025-08-03;0;2025-08
5;2025-08-04;0;2025-08
5;2025-08-05;0;2025-08
5;2025-08-06;0;2025-08
5;2025-08-07;0;2025-08
5;2025-08-08;0;2025-08
5;2025-08-09;0;2025-08
5;2025-08-10;0;2025-08
5;2025-08-11;0;2025-08
5;2025-08-12;0;2025-08
5;2025-08-13;0;2025-08
5;2025-08-14;0;2025-08
5;2025-08-15;0;2025-08
5;2025-08-16;0;2025-08
5;2025-08-17;0;2025-08
5;2025-08-18;0;2025-08
5;2025-08-19;0;2025-08
5;2025-08-20;0;2025-08
5;2025-08-21;0;2025-08
5;2025-08-22;0;2025-08
5;2025-08-23;0;2025-08
5;2025-08-24;0;2025-08
5;2025-08-25;0;2025-08
5;2025-08-26;0;2025-08
5;2025-08-27;0;2025-08
5;2025-08-28;0;2025-08
5;2025-08-29;0;2025-08
5;2025-08-30;0;2025-08
5;2025-08-31;0;2025-08
5;2025-09-01;0;2025-09
5;2025-09-02;0;2025-09
5;2025-09-03;0;2025-09
5;2025-09-04;0;2025-09
5;2025-09-05;0;2025-09
5;2025-09-06;0;2025-09
5;2025-09-07;0;2025-09
5;2025-09-08;0;2025-09
5;2025-09-09;0;2025-09
5;2025-09-10;0;2025-09
5;2025-09-11;0;2025-09
5;2025-09-12;0;2025-09
5;2025-09-13;0;2025-09
5;2025-09-14;0;2025-09
5;2025-09-15;0;2025-09
5;2025-09-16;0;2025-09
5;2025-09-17;0;2025-09
5;2025-09-18;0;2025-09
5;2025-09-19;0;2025-09
5;2025-09-20;0;2025-09
5;2025-09-21;0;2025-09
5;2025-09-22;0;2025-09
5;2025-09-23;0;2025-09
5;2025-09-24;0;2025-09
5;2025-09-25;0;2025-09
5;2025-09-26;0;2025-09
5;2025-09-27;0;2025-09
5;2025-09-28;0;2025-09
5;2025-09-29;0;2025-09
5;2025-09-30;0;2025-09
5;2025-10-01;0;2025-10
5;2025-10-02;0;2025-10
5;2025-10-03;0;2025-10
5;2025-10-04;0;2025-10
5;2025-10-05;0;2025-10
5;2025-10-06;0;2025-10
5;2025-10-07;0;2025-10
5;2025-10-08;0;2025-10
5;2025-10-09;0;2025-10
5;2025-10-10;0;2025-10
5;2025-10-11;0;2025-10
5;2025-10-12;0;2025-10
5;2025-10-13;0;2025-10
5;2025-10-14;0;2025-10
5;2025-10-15;0;2025-10
5;2025-10-16;0;2025-10
5;2025-10-17;0;2025-10
5;2025-10-18;0;2025-10
5;2025-10-19;0;2025-10
5;2025-10-20;0;2025-10
5;2025-10-21;0;2025-10
5;2025-10-22;0;2025-10
5;2025-10-23;0;2025-10
5;2025-10-24;0;2025-10
5;2025-10-25;0;2025-10
5;2025-10-26;0;2025-10
5;2025-10-27;0;2025-10
5;2025-10-28;0;2025-10
5;2025-10-29;0;2025-10
5;2025-10-30;0;2025-10
5;2025-10-31;0;2025-10
7;2025-01-01;5795;2025-01
7;2025-01-02;10392;2025-01
7;2025-01-03;13627;2025-01
7;2025-01-04;13459;2025-01
7;2025-01-05;12344;2025-01
7;2025-01-06;13533;2025-01
7;2025-01-07;12256;2025-01
7;2025-01-08;13093;2025-01
7;2025-01-09;21638;2025-01
7;2025-01-10;22412;2025-01
7;2025-01-11;15021;2025-01
7;2025-01-12;12672;2025-01
7;2025-01-13;29021;2025-01
7;2025-01-14;26297;2025-01
7;2025-01-15;25639;2025-01
7;2025-01-16;26487;2025-01
7;2025-01-17;26237;2025-01
7;2025-01-18;17273;2025-01
7;2025-01-19;14895;2025-01
7;2025-01-20;23331;2025-01
7;2025-01-21;23938;2025-01
7;2025-01-22;28593;2025-01
7;2025-01-23;27984;2025-01
7;2025-01-24;25722;2025-01
7;2025-01-25;16247;2025-01
7;2025-01-26;13608;2025-01
7;2025-01-27;25608;2025-01
7;2025-01-28;23944;2025-01
7;2025-01-29;23598;2025-01
7;2025-01-30;23434;2025-01
7;2025-01-31;27250;2025-01
7;2025-02-01;16253;2025-02
7;2025-02-02;14518;2025-02
7;2025-02-03;26310;2025-02
7;2025-02-04;27254;2025-02
7;2025-02-05;25519;2025-02
7;2025-02-06;28517;2025-02
7;2025-02-07;27882;2025-02
7;2025-02-08;17085;2025-02
7;2025-02-09;14347;2025-02
7;2025-02-10;27270;2025-02
7;2025-02-11;28471;2025-02
7;2025-02-12;27829;2025-02
7;2025-02-13;28627;2025-02
7;2025-02-14;31925;2025-02
7;2025-02-15;16956;2025-02
7;2025-02-16;13437;2025-02
7;2025-02-17;23145;2025-02
7;2025-02-18;23393;2025-02
7;2025-02-19;28622;2025-02
7;2025-02-20;29244;2025-02
7;2025-02-21;26502;2025-02
7;2025-02-22;18058;2025-02
7;2025-02-23;14101;2025-02
7;2025-02-24;26607;2025-02
7;2025-02-25;28480;2025-02
7;2025-02-26;30885;2025-02
7;2025-02-27;29561;2025-02
7;2025-02-28;28141;2025-02
7;2025-03-01;16958;2025-03
7;2025-03-02;14112;2025-03
7;2025-03-03;25552;2025-03
7;2025-03-04;26652;2025-03
7;2025-03-05;27360;2025-03
7;2025-03-06;29641;2025-03
7;2025-03-07;31224;2025-03
7;2025-03-08;15949;2025-03
7;2025-03-09;16035;2025-03
7;2025-03-10;25862;2025-03
7;2025-03-11;31070;2025-03
7;2025-03-12;28623;2025-03
7;2025-03-13;27590;2025-03
7;2025-03-14;25469;2025-03
7;2025-03-15;19043;2025-03
7;2025-03-16;16112;2025-03
7;2025-03-17;24517;2025-03
7;2025-03-18;28517;2025-03
7;2025-03-19;24692;2025-03
7;2025-03-20;28055;2025-03
7;2025-03-21;28470;2025-03
7;2025-03-22;19282;2025-03
7;2025-03-23;16005;2025-03
7;2025-03-24;25721;2025-03
7;2025-03-25;25716;2025-03
7;2025-03-26;32043;2025-03
7;2025-03-27;30249;2025-03
7;2025-03-28;30434;2025-03
7;2025-03-29;19675;2025-03
7;2025-03-30;15010;2025-03
7;2025-03-31;37292;2025-03
7;2025-04-01;41300;2025-04
7;2025-04-02;39023;2025-04
7;2025-04-03;50676;2025-04
7;2025-04-04;43599;2025-04
7;2025-04-05;23420;2025-04
7;2025-04-06;12633;2025-04
7;2025-04-07;28515;2025-04
7;2025-04-08;28827;2025-04
7;2025-04-09;32229;2025-04
7;2025-04-10;29388;2025-04
7;2025-04-11;29549;2025-04
7;2025-04-12;18942;2025-04
7;2025-04-13;15680;2025-04
7;2025-04-14;30720;2025-04
7;2025-04-15;30312;2025-04
7;2025-04-16;30658;2025-04
7;2025-04-17;30206;2025-04
7;2025-04-18;29870;2025-04
7;2025-04-19;20751;2025-04
7;2025-04-20;16286;2025-04
7;2025-04-21;29373;2025-04
7;2025-04-22;30012;2025-04
7;2025-04-23;32353;2025-04
7;2025-04-24;29812;2025-04
7;2025-04-25;31303;2025-04
7;2025-04-26;18292;2025-04
7;2025-04-27;13550;2025-04
7;2025-04-28;30760;2025-04
7;2025-04-29;28678;2025-04
7;2025-04-30;30353;2025-04
7;2025-05-01;11265;2025-05
7;2025-05-02;14729;2025-05
7;2025-05-03;14484;2025-05
7;2025-05-04;13685;2025-05
7;2025-05-05;27057;2025-05
7;2025-05-06;28408;2025-05
7;2025-05-07;25240;2025-05
7;2025-05-08;14577;2025-05
7;2025-05-09;12965;2025-05
7;2025-05-10;14682;2025-05
7;2025-05-11;12369;2025-05
7;2025-05-12;27997;2025-05
7;2025-05-13;29493;2025-05
7;2025-05-14;32122;2025-05
7;2025-05-15;29600;2025-05
7;2025-05-16;26296;2025-05
7;2025-05-17;17121;2025-05
7;2025-05-18;14556;2025-05
7;2025-05-19;27439;2025-05
7;2025-05-20;29014;2025-05
7;2025-05-21;28294;2025-05
7;2025-05-22;31121;2025-05
7;2025-05-23;30956;2025-05
7;2025-05-24;18178;2025-05
7;2025-05-25;18281;2025-05
7;2025-05-26;22443;2025-05
7;2025-05-27;28712;2025-05
7;2025-05-28;29851;2025-05
7;2025-05-29;34031;2025-05
7;2025-05-30;31298;2025-05
7;2025-05-31;15639;2025-05
7;2025-06-01;14626;2025-06
7;2025-06-02;28115;2025-06
7;2025-06-03;26478;2025-06
7;2025-06-04;28076;2025-06
7;2025-06-05;25489;2025-06
7;2025-06-06;24288;2025-06
7;2025-06-07;17526;2025-06
7;2025-06-08;11000;2025-06
7;2025-06-09;24554;2025-06
7;2025-06-10;27663;2025-06
7;2025-06-11;29341;2025-06
7;2025-06-12;13963;2025-06
7;2025-06-13;13645;2025-06
7;2025-06-14;12024;2025-06
7;2025-06-15;13893;2025-06
7;2025-06-16;25941;2025-06
7;2025-06-17;24897;2025-06
7;2025-06-18;26690;2025-06
7;2025-06-19;24938;2025-06
7;2025-06-20;22678;2025-06
7;2025-06-21;16834;2025-06
7;2025-06-22;13976;2025-06
7;2025-06-23;25535;2025-06
7;2025-06-24;25504;2025-06
7;2025-06-25;24578;2025-06
7;2025-06-26;25895;2025-06
7;2025-06-27;27142;2025-06
7;2025-06-28;13538;2025-06
7;2025-06-29;10306;2025-06
7;2025-06-30;23291;2025-06
7;2025-07-01;24216;2025-07
7;2025-07-02;23620;2025-07
7;2025-07-03;24628;2025-07
7;2025-07-04;21453;2025-07
7;2025-07-05;12480;2025-07
7;2025-07-06;11906;2025-07
7;2025-07-07;22738;2025-07
7;2025-07-08;22319;2025-07
7;2025-07-09;22312;2025-07
7;2025-07-10;11742;2025-07
7;2025-07-11;12079;2025-07
7;2025-07-12;7519;2025-07
7;2025-07-13;7037;2025-07
7;2025-07-14;10982;2025-07
7;2025-07-15;10232;2025-07
7;2025-07-16;11362;2025-07
7;2025-07-17;11657;2025-07
7;2025-07-18;10980;2025-07
7;2025-07-19;7528;2025-07
7;2025-07-20;6932;2025-07
7;2025-07-21;9710;2025-07
7;2025-07-22;11339;2025-07
7;2025-07-23;11042;2025-07
7;2025-07-24;10689;2025-07
7;2025-07-25;9948;2025-07
7;2025-07-26;7622;2025-07
7;2025-07-27;6680;2025-07
7;2025-07-28;11321;2025-07
7;2025-07-29;10382;2025-07
7;2025-07-30;10233;2025-07
7;2025-07-31;10249;2025-07
7;2025-08-01;10135;2025-08
7;2025-08-02;7383;2025-08
7;2025-08-03;6850;2025-08
7;2025-08-04;10172;2025-08
7;2025-08-05;9876;2025-08
7;2025-08-06;11297;2025-08
7;2025-08-07;10706;2025-08
7;2025-08-08;10467;2025-08
7;2025-08-09;7542;2025-08
7;2025-08-10;7183;2025-08
7;2025-08-11;17129;2025-08
7;2025-08-12;19866;2025-08
7;2025-08-13;20819;2025-08
7;2025-08-14;22550;2025-08
7;2025-08-15;18168;2025-08
7;2025-08-16;10897;2025-08
7;2025-08-17;10490;2025-08
7;2025-08-18;20121;2025-08
7;2025-08-19;20817;2025-08
7;2025-08-20;19768;2025-08
7;2025-08-21;21261;2025-08
7;2025-08-22;21388;2025-08
7;2025-08-23;11484;2025-08
7;2025-08-24;11475;2025-08
7;2025-08-25;21112;2025-08
7;2025-08-26;20365;2025-08
7;2025-08-27;23212;2025-08
7;2025-08-28;22539;2025-08
7;2025-08-29;21988;2025-08
7;2025-08-30;13375;2025-08
7;2025-08-31;11125;2025-08
7;2025-09-01;25591;2025-09
7;2025-09-02;25167;2025-09
7;2025-09-03;28766;2025-09
7;2025-09-04;27976;2025-09
7;2025-09-05;26568;2025-09
7;2025-09-06;9832;2025-09
7;2025-09-07;8613;2025-09
7;2025-09-08;25964;2025-09
7;2025-09-09;28227;2025-09
7;2025-09-10;26984;2025-09
7;2025-09-11;24573;2025-09
7;2025-09-12;26022;2025-09
7;2025-09-13;9932;2025-09
7;2025-09-14;8477;2025-09
7;2025-09-15;23383;2025-09
7;2025-09-16;29964;2025-09
7;2025-09-17;24937;2025-09
7;2025-09-18;27415;2025-09
7;2025-09-19;23661;2025-09
7;2025-09-20;9702;2025-09
7;2025-09-21;8203;2025-09
7;2025-09-22;24458;2025-09
7;2025-09-23;26145;2025-09
7;2025-09-24;27749;2025-09
7;2025-09-25;24946;2025-09
7;2025-09-26;24251;2025-09
7;2025-09-27;9049;2025-09
7;2025-09-28;7590;2025-09
7;2025-09-29;28317;2025-09
7;2025-09-30;27031;2025-09
7;2025-10-01;27720;2025-10
7;2025-10-02;25233;2025-10
7;2025-10-03;27476;2025-10
7;2025-10-04;10032;2025-10
7;2025-10-05;8444;2025-10
7;2025-10-06;24745;2025-10
7;2025-10-07;26989;2025-10
7;2025-10-08;27220;2025-10
7;2025-10-09;26652;2025-10
7;2025-10-10;25902;2025-10
7;2025-10-11;11144;2025-10
7;2025-10-12;8769;2025-10
7;2025-10-13;29298;2025-10
7;2025-10-14;29055;2025-10
7;2025-10-15;29298;2025-10
7;2025-10-16;28566;2025-10
7;2025-10-17;26400;2025-10
7;2025-10-18;11385;2025-10
7;2025-10-19;8089;2025-10
7;2025-10-20;27066;2025-10
7;2025-10-21;29427;2025-10
7;2025-10-22;27276;2025-10
7;2025-10-23;27054;2025-10
7;2025-10-24;26499;2025-10
7;2025-10-25;12220;2025-10
7;2025-10-26;8076;2025-10
7;2025-10-27;26485;2025-10
7;2025-10-28;25611;2025-10
7;2025-10-29;26583;2025-10
7;2025-10-30;26860;2025-10
7;2025-10-31;25506;2025-10
11;2025-01-01;9002;2025-01
11;2025-01-02;13373;2025-01
11;2025-01-03;16997;2025-01
11;2025-01-04;17943;2025-01
11;2025-01-05;17514;2025-01
11;2025-01-06;17506;2025-01
11;2025-01-07;15344;2025-01
11;2025-01-08;15569;2025-01
11;2025-01-09;30777;2025-01
11;2025-01-10;30790;2025-01
11;2025-01-11;18307;2025-01
11;2025-01-12;16743;2025-01
11;2025-01-13;33361;2025-01
11;2025-01-14;34620;2025-01
11;2025-01-15;36082;2025-01
11;2025-01-16;33924;2025-01
11;2025-01-17;33974;2025-01
11;2025-01-18;21972;2025-01
11;2025-01-19;19806;2025-01
11;2025-01-20;34543;2025-01
11;2025-01-21;36082;2025-01
11;2025-01-22;33472;2025-01
11;2025-01-23;32094;2025-01
11;2025-01-24;35367;2025-01
11;2025-01-25;22055;2025-01
11;2025-01-26;17782;2025-01
11;2025-01-27;33629;2025-01
11;2025-01-28;33643;2025-01
11;2025-01-29;35006;2025-01
11;2025-01-30;35300;2025-01
11;2025-01-31;35346;2025-01
11;2025-02-01;21290;2025-02
11;2025-02-02;18468;2025-02
11;2025-02-03;33783;2025-02
11;2025-02-04;36849;2025-02
11;2025-02-05;31517;2025-02
11;2025-02-06;37145;2025-02
11;2025-02-07;37678;2025-02
11;2025-02-08;21658;2025-02
11;2025-02-09;17554;2025-02
11;2025-02-10;36389;2025-02
11;2025-02-11;36992;2025-02
11;2025-02-12;36579;2025-02
11;2025-02-13;38344;2025-02
11;2025-02-14;36041;2025-02
11;2025-02-15;22551;2025-02
11;2025-02-16;17724;2025-02
11;2025-02-17;38277;2025-02
11;2025-02-18;34243;2025-02
11;2025-02-19;34354;2025-02
11;2025-02-20;36736;2025-02
11;2025-02-21;37015;2025-02
11;2025-02-22;23792;2025-02
11;2025-02-23;19249;2025-02
11;2025-02-24;36206;2025-02
11;2025-02-25;36223;2025-02
11;2025-02-26;36525;2025-02
11;2025-02-27;41150;2025-02
11;2025-02-28;37189;2025-02
11;2025-03-01;24949;2025-03
11;2025-03-02;18551;2025-03
11;2025-03-03;35607;2025-03
11;2025-03-04;38886;2025-03
11;2025-03-05;40170;2025-03
11;2025-03-06;39027;2025-03
11;2025-03-07;38969;2025-03
11;2025-03-08;22392;2025-03
11;2025-03-09;21776;2025-03
11;2025-03-10;36612;2025-03
11;2025-03-11;36864;2025-03
11;2025-03-12;36870;2025-03
11;2025-03-13;38714;2025-03
11;2025-03-14;34469;2025-03
11;2025-03-15;25348;2025-03
11;2025-03-16;21106;2025-03
11;2025-03-17;36805;2025-03
11;2025-03-18;35244;2025-03
11;2025-03-19;42500;2025-03
11;2025-03-20;39676;2025-03
11;2025-03-21;39866;2025-03
11;2025-03-22;25208;2025-03
11;2025-03-23;20361;2025-03
11;2025-03-24;38603;2025-03
11;2025-03-25;33655;2025-03
11;2025-03-26;36770;2025-03
11;2025-03-27;36974;2025-03
11;2025-03-28;37878;2025-03
11;2025-03-29;25587;2025-03
11;2025-03-30;22953;2025-03
11;2025-03-31;26835;2025-03
11;2025-04-01;25192;2025-04
11;2025-04-02;29581;2025-04
11;2025-04-03;29277;2025-04
11;2025-04-04;25388;2025-04
11;2025-04-05;11507;2025-04
11;2025-04-06;11004;2025-04
11;2025-04-07;33077;2025-04
11;2025-04-08;36117;2025-04
11;2025-04-09;36701;2025-04
11;2025-04-10;34525;2025-04
11;2025-04-11;36631;2025-04
11;2025-04-12;25419;2025-04
11;2025-04-13;20710;2025-04
11;2025-04-14;35622;2025-04
11;2025-04-15;35739;2025-04
11;2025-04-16;36524;2025-04
11;2025-04-17;37287;2025-04
11;2025-04-18;37826;2025-04
11;2025-04-19;26145;2025-04
11;2025-04-20;22485;2025-04
11;2025-04-21;36391;2025-04
11;2025-04-22;36348;2025-04
11;2025-04-23;34300;2025-04
11;2025-04-24;36415;2025-04
11;2025-04-25;35831;2025-04
11;2025-04-26;26989;2025-04
11;2025-04-27;20138;2025-04
11;2025-04-28;34239;2025-04
11;2025-04-29;38196;2025-04
11;2025-04-30;35354;2025-04
11;2025-05-01;15679;2025-05
11;2025-05-02;16075;2025-05
11;2025-05-03;20002;2025-05
11;2025-05-04;19017;2025-05
11;2025-05-05;33570;2025-05
11;2025-05-06;33826;2025-05
11;2025-05-07;36377;2025-05
11;2025-05-08;21027;2025-05
11;2025-05-09;19430;2025-05
11;2025-05-10;18944;2025-05
11;2025-05-11;16573;2025-05
11;2025-05-12;33714;2025-05
11;2025-05-13;34609;2025-05
11;2025-05-14;34937;2025-05
11;2025-05-15;36487;2025-05
11;2025-05-16;37253;2025-05
11;2025-05-17;25658;2025-05
11;2025-05-18;18424;2025-05
11;2025-05-19;33818;2025-05
11;2025-05-20;35387;2025-05
11;2025-05-21;35545;2025-05
11;2025-05-22;35090;2025-05
11;2025-05-23;34575;2025-05
11;2025-05-24;23526;2025-05
11;2025-05-25;21957;2025-05
11;2025-05-26;33531;2025-05
11;2025-05-27;35623;2025-05
11;2025-05-28;34262;2025-05
11;2025-05-29;32089;2025-05
11;2025-05-30;30914;2025-05
11;2025-05-31;23389;2025-05
11;2025-06-01;21300;2025-06
11;2025-06-02;33765;2025-06
11;2025-06-03;34059;2025-06
11;2025-06-04;35738;2025-06
11;2025-06-05;36570;2025-06
11;2025-06-06;38063;2025-06
11;2025-06-07;23599;2025-06
11;2025-06-08;17606;2025-06
11;2025-06-09;33064;2025-06
11;2025-06-10;33508;2025-06
11;2025-06-11;33080;2025-06
11;2025-06-12;22234;2025-06
11;2025-06-13;18698;2025-06
11;2025-06-14;16035;2025-06
11;2025-06-15;17660;2025-06
11;2025-06-16;34395;2025-06
11;2025-06-17;34287;2025-06
11;2025-06-18;31773;2025-06
11;2025-06-19;29574;2025-06
11;2025-06-20;28617;2025-06
11;2025-06-21;22914;2025-06
11;2025-06-22;18721;2025-06
11;2025-06-23;33133;2025-06
11;2025-06-24;34638;2025-06
11;2025-06-25;30693;2025-06
11;2025-06-26;33455;2025-06
11;2025-06-27;29506;2025-06
11;2025-06-28;23719;2025-06
11;2025-06-29;17056;2025-06
11;2025-06-30;29729;2025-06
11;2025-07-01;29897;2025-07
11;2025-07-02;31417;2025-07
11;2025-07-03;32613;2025-07
11;2025-07-04;28962;2025-07
11;2025-07-05;22557;2025-07
11;2025-07-06;18401;2025-07
11;2025-07-07;29968;2025-07
11;2025-07-08;30651;2025-07
11;2025-07-09;30956;2025-07
11;2025-07-10;29963;2025-07
11;2025-07-11;26800;2025-07
11;2025-07-12;17336;2025-07
11;2025-07-13;18193;2025-07
11;2025-07-14;27271;2025-07
11;2025-07-15;28144;2025-07
11;2025-07-16;29848;2025-07
11;2025-07-17;30390;2025-07
11;2025-07-18;30917;2025-07
11;2025-07-19;19935;2025-07
11;2025-07-20;18345;2025-07
11;2025-07-21;27145;2025-07
11;2025-07-22;29581;2025-07
11;2025-07-23;29823;2025-07
11;2025-07-24;30307;2025-07
11;2025-07-25;29809;2025-07
11;2025-07-26;22773;2025-07
11;2025-07-27;20644;2025-07
11;2025-07-28;27196;2025-07
11;2025-07-29;27890;2025-07
11;2025-07-30;30474;2025-07
11;2025-07-31;30987;2025-07
11;2025-08-01;27679;2025-08
11;2025-08-02;20651;2025-08
11;2025-08-03;21999;2025-08
11;2025-08-04;24780;2025-08
11;2025-08-05;29181;2025-08
11;2025-08-06;31018;2025-08
11;2025-08-07;28491;2025-08
11;2025-08-08;29627;2025-08
11;2025-08-09;19692;2025-08
11;2025-08-10;19592;2025-08
11;2025-08-11;28923;2025-08
11;2025-08-12;30595;2025-08
11;2025-08-13;30576;2025-08
11;2025-08-14;30874;2025-08
11;2025-08-15;31421;2025-08
11;2025-08-16;19732;2025-08
11;2025-08-17;20325;2025-08
11;2025-08-18;28526;2025-08
11;2025-08-19;30492;2025-08
11;2025-08-20;29007;2025-08
11;2025-08-21;25324;2025-08
11;2025-08-22;29165;2025-08
11;2025-08-23;20876;2025-08
11;2025-08-24;20457;2025-08
11;2025-08-25;28203;2025-08
11;2025-08-26;29644;2025-08
11;2025-08-27;31841;2025-08
11;2025-08-28;31982;2025-08
11;2025-08-29;29576;2025-08
11;2025-08-30;25253;2025-08
11;2025-08-31;22582;2025-08
11;2025-09-01;32838;2025-09
11;2025-09-02;34113;2025-09
11;2025-09-03;31890;2025-09
11;2025-09-04;33709;2025-09
11;2025-09-05;33767;2025-09
11;2025-09-06;24707;2025-09
11;2025-09-07;22204;2025-09
11;2025-09-08;31784;2025-09
11;2025-09-09;37323;2025-09
11;2025-09-10;35248;2025-09
11;2025-09-11;38835;2025-09
11;2025-09-12;31526;2025-09
11;2025-09-13;24704;2025-09
11;2025-09-14;21826;2025-09
11;2025-09-15;36979;2025-09
11;2025-09-16;33601;2025-09
11;2025-09-17;37925;2025-09
11;2025-09-18;34608;2025-09
11;2025-09-19;34166;2025-09
11;2025-09-20;25597;2025-09
11;2025-09-21;21614;2025-09
11;2025-09-22;34494;2025-09
11;2025-09-23;32678;2025-09
11;2025-09-24;37045;2025-09
11;2025-09-25;36995;2025-09
11;2025-09-26;36908;2025-09
11;2025-09-27;24183;2025-09
11;2025-09-28;20857;2025-09
11;2025-09-29;34420;2025-09
11;2025-09-30;34517;2025-09
11;2025-10-01;33326;2025-10
11;2025-10-02;35892;2025-10
11;2025-10-03;35692;2025-10
11;2025-10-04;24547;2025-10
11;2025-10-05;20530;2025-10
11;2025-10-06;32680;2025-10
11;2025-10-07;33796;2025-10
11;2025-10-08;34614;2025-10
11;2025-10-09;31710;2025-10
11;2025-10-10;35357;2025-10
11;2025-10-11;24663;2025-10
11;2025-10-12;21306;2025-10
11;2025-10-13;32863;2025-10
11;2025-10-14;35872;2025-10
11;2025-10-15;33202;2025-10
11;2025-10-16;35475;2025-10
11;2025-10-17;33105;2025-10
11;2025-10-18;24520;2025-10
11;2025-10-19;17734;2025-10
11;2025-10-20;32791;2025-10
11;2025-10-21;35694;2025-10
11;2025-10-22;35018;2025-10
11;2025-10-23;35292;2025-10
11;2025-10-24;30946;2025-10
11;2025-10-25;22299;2025-10
11;2025-10-26;17678;2025-10
11;2025-10-27;34355;2025-10
11;2025-10-28;33080;2025-10
11;2025-10-29;32275;2025-10
11;2025-10-30;36557;2025-10
11;2025-10-31;33131;2025-10
12;2025-01-01;7665;2025-01
12;2025-01-02;13607;2025-01
12;2025-01-03;16279;2025-01
12;2025-01-04;15940;2025-01
12;2025-01-05;16823;2025-01
12;2025-01-06;17515;2025-01
12;2025-01-07;15530;2025-01
12;2025-01-08;16370;2025-01
12;2025-01-09;34634;2025-01
12;2025-01-10;35230;2025-01
12;2025-01-11;19806;2025-01
12;2025-01-12;16417;2025-01
12;2025-01-13;38151;2025-01
12;2025-01-14;40932;2025-01
12;2025-01-15;36091;2025-01
12;2025-01-16;38729;2025-01
12;2025-01-17;40362;2025-01
12;2025-01-18;22007;2025-01
12;2025-01-19;19447;2025-01
12;2025-01-20;37087;2025-01
12;2025-01-21;38668;2025-01
12;2025-01-22;35797;2025-01
12;2025-01-23;35268;2025-01
12;2025-01-24;38172;2025-01
12;2025-01-25;22876;2025-01
12;2025-01-26;17369;2025-01
12;2025-01-27;37446;2025-01
12;2025-01-28;39029;2025-01
12;2025-01-29;37410;2025-01
12;2025-01-30;39237;2025-01
12;2025-01-31;38422;2025-01
12;2025-02-01;19953;2025-02
12;2025-02-02;17011;2025-02
12;2025-02-03;36355;2025-02
12;2025-02-04;39610;2025-02
12;2025-02-05;38228;2025-02
12;2025-02-06;38631;2025-02
12;2025-02-07;39445;2025-02
12;2025-02-08;21622;2025-02
12;2025-02-09;18172;2025-02
12;2025-02-10;33575;2025-02
12;2025-02-11;38361;2025-02
12;2025-02-12;39956;2025-02
12;2025-02-13;37865;2025-02
12;2025-02-14;38063;2025-02
12;2025-02-15;21761;2025-02
12;2025-02-16;18163;2025-02
12;2025-02-17;29580;2025-02
12;2025-02-18;37599;2025-02
12;2025-02-19;41337;2025-02
12;2025-02-20;39639;2025-02
12;2025-02-21;39469;2025-02
12;2025-02-22;21472;2025-02
12;2025-02-23;17055;2025-02
12;2025-02-24;35681;2025-02
12;2025-02-25;40573;2025-02
12;2025-02-26;35924;2025-02
12;2025-02-27;39664;2025-02
12;2025-02-28;40171;2025-02
12;2025-03-01;23635;2025-03
12;2025-03-02;17357;2025-03
12;2025-03-03;39110;2025-03
12;2025-03-04;40929;2025-03
12;2025-03-05;40418;2025-03
12;2025-03-06;40842;2025-03
12;2025-03-07;42083;2025-03
12;2025-03-08;22758;2025-03
12;2025-03-09;19984;2025-03
12;2025-03-10;41395;2025-03
12;2025-03-11;41293;2025-03
12;2025-03-12;41157;2025-03
12;2025-03-13;40058;2025-03
12;2025-03-14;39229;2025-03
12;2025-03-15;23401;2025-03
12;2025-03-16;20082;2025-03
12;2025-03-17;38972;2025-03
12;2025-03-18;41632;2025-03
12;2025-03-19;41701;2025-03
12;2025-03-20;41922;2025-03
12;2025-03-21;39195;2025-03
12;2025-03-22;24705;2025-03
12;2025-03-23;20116;2025-03
12;2025-03-24;41668;2025-03
12;2025-03-25;40311;2025-03
12;2025-03-26;41842;2025-03
12;2025-03-27;41430;2025-03
12;2025-03-28;41378;2025-03
12;2025-03-29;23521;2025-03
12;2025-03-30;19160;2025-03
12;2025-03-31;26871;2025-03
12;2025-04-01;22509;2025-04
12;2025-04-02;24967;2025-04
12;2025-04-03;24985;2025-04
12;2025-04-04;24715;2025-04
12;2025-04-05;15357;2025-04
12;2025-04-06;12921;2025-04
12;2025-04-07;38074;2025-04
12;2025-04-08;37920;2025-04
12;2025-04-09;39421;2025-04
12;2025-04-10;37951;2025-04
12;2025-04-11;38889;2025-04
12;2025-04-12;22568;2025-04
12;2025-04-13;20717;2025-04
12;2025-04-14;40385;2025-04
12;2025-04-15;40446;2025-04
12;2025-04-16;41186;2025-04
12;2025-04-17;37624;2025-04
12;2025-04-18;37373;2025-04
12;2025-04-19;25239;2025-04
12;2025-04-20;20035;2025-04
12;2025-04-21;38068;2025-04
12;2025-04-22;39603;2025-04
12;2025-04-23;40845;2025-04
12;2025-04-24;40462;2025-04
12;2025-04-25;38184;2025-04
12;2025-04-26;23063;2025-04
12;2025-04-27;19393;2025-04
12;2025-04-28;40545;2025-04
12;2025-04-29;37767;2025-04
12;2025-04-30;38862;2025-04
12;2025-05-01;14784;2025-05
12;2025-05-02;17538;2025-05
12;2025-05-03;19843;2025-05
12;2025-05-04;19165;2025-05
12;2025-05-05;37718;2025-05
12;2025-05-06;37620;2025-05
12;2025-05-07;37312;2025-05
12;2025-05-08;20206;2025-05
12;2025-05-09;15976;2025-05
12;2025-05-10;18169;2025-05
12;2025-05-11;15396;2025-05
12;2025-05-12;36660;2025-05
12;2025-05-13;39046;2025-05
12;2025-05-14;39459;2025-05
12;2025-05-15;40430;2025-05
12;2025-05-16;36402;2025-05
12;2025-05-17;22120;2025-05
12;2025-05-18;18386;2025-05
12;2025-05-19;39602;2025-05
12;2025-05-20;38851;2025-05
12;2025-05-21;39779;2025-05
12;2025-05-22;40678;2025-05
12;2025-05-23;38749;2025-05
12;2025-05-24;21045;2025-05
12;2025-05-25;19351;2025-05
12;2025-05-26;36821;2025-05
12;2025-05-27;40573;2025-05
12;2025-05-28;40587;2025-05
12;2025-05-29;40451;2025-05
12;2025-05-30;37291;2025-05
12;2025-05-31;20808;2025-05
12;2025-06-01;17921;2025-06
12;2025-06-02;37393;2025-06
12;2025-06-03;38883;2025-06
12;2025-06-04;37299;2025-06
12;2025-06-05;38593;2025-06
12;2025-06-06;36455;2025-06
12;2025-06-07;18221;2025-06
12;2025-06-08;15076;2025-06
12;2025-06-09;35585;2025-06
12;2025-06-10;37787;2025-06
12;2025-06-11;37953;2025-06
12;2025-06-12;15653;2025-06
12;2025-06-13;13904;2025-06
12;2025-06-14;12998;2025-06
12;2025-06-15;14328;2025-06
12;2025-06-16;36028;2025-06
12;2025-06-17;35680;2025-06
12;2025-06-18;33934;2025-06
12;2025-06-19;34922;2025-06
12;2025-06-20;34258;2025-06
12;2025-06-21;20281;2025-06
12;2025-06-22;16534;2025-06
12;2025-06-23;35648;2025-06
12;2025-06-24;34999;2025-06
12;2025-06-25;35605;2025-06
12;2025-06-26;35863;2025-06
12;2025-06-27;34097;2025-06
12;2025-06-28;18794;2025-06
12;2025-06-29;16427;2025-06
12;2025-06-30;30696;2025-06
12;2025-07-01;34029;2025-07
12;2025-07-02;33938;2025-07
12;2025-07-03;34898;2025-07
12;2025-07-04;33751;2025-07
12;2025-07-05;19533;2025-07
12;2025-07-06;17645;2025-07
12;2025-07-07;32154;2025-07
12;2025-07-08;32435;2025-07
12;2025-07-09;30848;2025-07
12;2025-07-10;32805;2025-07
12;2025-07-11;30126;2025-07
12;2025-07-12;19209;2025-07
12;2025-07-13;15941;2025-07
12;2025-07-14;31147;2025-07
12;2025-07-15;31562;2025-07
12;2025-07-16;31543;2025-07
12;2025-07-17;29976;2025-07
12;2025-07-18;31454;2025-07
12;2025-07-19;18704;2025-07
12;2025-07-20;17194;2025-07
12;2025-07-21;26310;2025-07
12;2025-07-22;31032;2025-07
12;2025-07-23;31287;2025-07
12;2025-07-24;30994;2025-07
12;2025-07-25;32431;2025-07
12;2025-07-26;18411;2025-07
12;2025-07-27;17418;2025-07
12;2025-07-28;30409;2025-07
12;2025-07-29;34770;2025-07
12;2025-07-30;33425;2025-07
12;2025-07-31;31579;2025-07
12;2025-08-01;31092;2025-08
12;2025-08-02;18655;2025-08
12;2025-08-03;17285;2025-08
12;2025-08-04;28246;2025-08
12;2025-08-05;30662;2025-08
12;2025-08-06;33939;2025-08
12;2025-08-07;30229;2025-08
12;2025-08-08;31435;2025-08
12;2025-08-09;17857;2025-08
12;2025-08-10;18117;2025-08
12;2025-08-11;29630;2025-08
12;2025-08-12;32635;2025-08
12;2025-08-13;33638;2025-08
12;2025-08-14;31484;2025-08
12;2025-08-15;31410;2025-08
12;2025-08-16;19531;2025-08
12;2025-08-17;16553;2025-08
12;2025-08-18;31336;2025-08
12;2025-08-19;32567;2025-08
12;2025-08-20;32643;2025-08
12;2025-08-21;30315;2025-08
12;2025-08-22;31612;2025-08
12;2025-08-23;18899;2025-08
12;2025-08-24;19117;2025-08
12;2025-08-25;34090;2025-08
12;2025-08-26;35096;2025-08
12;2025-08-27;35492;2025-08
12;2025-08-28;35297;2025-08
12;2025-08-29;33400;2025-08
12;2025-08-30;21510;2025-08
12;2025-08-31;20786;2025-08
12;2025-09-01;36182;2025-09
12;2025-09-02;35846;2025-09
12;2025-09-03;39187;2025-09
12;2025-09-04;39919;2025-09
12;2025-09-05;38142;2025-09
12;2025-09-06;21381;2025-09
12;2025-09-07;19911;2025-09
12;2025-09-08;37614;2025-09
12;2025-09-09;36559;2025-09
12;2025-09-10;39710;2025-09
12;2025-09-11;39491;2025-09
12;2025-09-12;35147;2025-09
12;2025-09-13;21858;2025-09
12;2025-09-14;19619;2025-09
12;2025-09-15;37437;2025-09
12;2025-09-16;37480;2025-09
12;2025-09-17;37154;2025-09
12;2025-09-18;36694;2025-09
12;2025-09-19;33351;2025-09
12;2025-09-20;21834;2025-09
12;2025-09-21;19786;2025-09
12;2025-09-22;33819;2025-09
12;2025-09-23;34568;2025-09
12;2025-09-24;35136;2025-09
12;2025-09-25;37179;2025-09
12;2025-09-26;35015;2025-09
12;2025-09-27;21731;2025-09
12;2025-09-28;19320;2025-09
12;2025-09-29;34306;2025-09
12;2025-09-30;38623;2025-09
12;2025-10-01;34960;2025-10
12;2025-10-02;35968;2025-10
12;2025-10-03;34480;2025-10
12;2025-10-04;22733;2025-10
12;2025-10-05;18641;2025-10
12;2025-10-06;35287;2025-10
12;2025-10-07;37400;2025-10
12;2025-10-08;37367;2025-10
12;2025-10-09;39654;2025-10
12;2025-10-10;35389;2025-10
12;2025-10-11;21742;2025-10
12;2025-10-12;18916;2025-10
12;2025-10-13;34813;2025-10
12;2025-10-14;39172;2025-10
12;2025-10-15;37999;2025-10
12;2025-10-16;35578;2025-10
12;2025-10-17;34553;2025-10
12;2025-10-18;22226;2025-10
12;2025-10-19;16790;2025-10
12;2025-10-20;37044;2025-10
12;2025-10-21;38194;2025-10
12;2025-10-22;37854;2025-10
12;2025-10-23;36754;2025-10
12;2025-10-24;38930;2025-10
12;2025-10-25;22541;2025-10
12;2025-10-26;19909;2025-10
12;2025-10-27;38513;2025-10
12;2025-10-28;36024;2025-10
12;2025-10-29;37920;2025-10
12;2025-10-30;37580;2025-10
12;2025-10-31;34674;2025-10
17;2025-01-01;18089;2025-01
17;2025-01-02;29674;2025-01
17;2025-01-03;35638;2025-01
17;2025-01-04;35753;2025-01
17;2025-01-05;35507;2025-01
17;2025-01-06;34969;2025-01
17;2025-01-07;32035;2025-01
17;2025-01-08;30393;2025-01
17;2025-01-09;50251;2025-01
17;2025-01-10;48801;2025-01
17;2025-01-11;34732;2025-01
17;2025-01-12;31836;2025-01
17;2025-01-13;50408;2025-01
17;2025-01-14;52783;2025-01
17;2025-01-15;53945;2025-01
17;2025-01-16;53389;2025-01
17;2025-01-17;52481;2025-01
17;2025-01-18;39737;2025-01
17;2025-01-19;36702;2025-01
17;2025-01-20;53897;2025-01
17;2025-01-21;54731;2025-01
17;2025-01-22;53358;2025-01
17;2025-01-23;55863;2025-01
17;2025-01-24;56343;2025-01
17;2025-01-25;41497;2025-01
17;2025-01-26;33866;2025-01
17;2025-01-27;52012;2025-01
17;2025-01-28;55098;2025-01
17;2025-01-29;55303;2025-01
17;2025-01-30;52210;2025-01
17;2025-01-31;57719;2025-01
17;2025-02-01;39313;2025-02
17;2025-02-02;34723;2025-02
17;2025-02-03;51486;2025-02
17;2025-02-04;53630;2025-02
17;2025-02-05;56263;2025-02
17;2025-02-06;56338;2025-02
17;2025-02-07;53742;2025-02
17;2025-02-08;40983;2025-02
17;2025-02-09;34095;2025-02
17;2025-02-10;55057;2025-02
17;2025-02-11;53752;2025-02
17;2025-02-12;56108;2025-02
17;2025-02-13;53296;2025-02
17;2025-02-14;55555;2025-02
17;2025-02-15;39995;2025-02
17;2025-02-16;34227;2025-02
17;2025-02-17;53730;2025-02
17;2025-02-18;56067;2025-02
17;2025-02-19;52924;2025-02
17;2025-02-20;54393;2025-02
17;2025-02-21;55126;2025-02
17;2025-02-22;41537;2025-02
17;2025-02-23;34970;2025-02
17;2025-02-24;52148;2025-02
17;2025-02-25;53089;2025-02
17;2025-02-26;52614;2025-02
17;2025-02-27;57352;2025-02
17;2025-02-28;56537;2025-02
17;2025-03-01;41564;2025-03
17;2025-03-02;33249;2025-03
17;2025-03-03;52253;2025-03
17;2025-03-04;55554;2025-03
17;2025-03-05;56009;2025-03
17;2025-03-06;56950;2025-03
17;2025-03-07;59718;2025-03
17;2025-03-08;44140;2025-03
17;2025-03-09;38617;2025-03
17;2025-03-10;56204;2025-03
17;2025-03-11;53785;2025-03
17;2025-03-12;55176;2025-03
17;2025-03-13;55868;2025-03
17;2025-03-14;51880;2025-03
17;2025-03-15;42008;2025-03
17;2025-03-16;36555;2025-03
17;2025-03-17;53270;2025-03
17;2025-03-18;54998;2025-03
17;2025-03-19;53086;2025-03
17;2025-03-20;57987;2025-03
17;2025-03-21;56813;2025-03
17;2025-03-22;42964;2025-03
17;2025-03-23;36975;2025-03
17;2025-03-24;54893;2025-03
17;2025-03-25;53961;2025-03
17;2025-03-26;54423;2025-03
17;2025-03-27;53791;2025-03
17;2025-03-28;55653;2025-03
17;2025-03-29;43844;2025-03
17;2025-03-30;37739;2025-03
17;2025-03-31;49054;2025-03
17;2025-04-01;43714;2025-04
17;2025-04-02;42364;2025-04
17;2025-04-03;43580;2025-04
17;2025-04-04;44653;2025-04
17;2025-04-05;13759;2025-04
17;2025-04-06;7562;2025-04
17;2025-04-07;52254;2025-04
17;2025-04-08;53572;2025-04
17;2025-04-09;54658;2025-04
17;2025-04-10;57882;2025-04
17;2025-04-11;55777;2025-04
17;2025-04-12;5187;2025-04
17;2025-04-13;4043;2025-04
17;2025-04-14;54116;2025-04
17;2025-04-15;57941;2025-04
17;2025-04-16;57722;2025-04
17;2025-04-17;57510;2025-04
17;2025-04-18;58104;2025-04
17;2025-04-19;40699;2025-04
17;2025-04-20;33660;2025-04
17;2025-04-21;54149;2025-04
17;2025-04-22;55602;2025-04
17;2025-04-23;55353;2025-04
17;2025-04-24;51507;2025-04
17;2025-04-25;53687;2025-04
17;2025-04-26;673;2025-04
17;2025-04-27;323;2025-04
17;2025-04-28;52460;2025-04
17;2025-04-29;53410;2025-04
17;2025-04-30;53361;2025-04
17;2025-05-01;22808;2025-05
17;2025-05-02;29652;2025-05
17;2025-05-03;33851;2025-05
17;2025-05-04;31601;2025-05
17;2025-05-05;52252;2025-05
17;2025-05-06;53602;2025-05
17;2025-05-07;53571;2025-05
17;2025-05-08;35456;2025-05
17;2025-05-09;30358;2025-05
17;2025-05-10;32518;2025-05
17;2025-05-11;27885;2025-05
17;2025-05-12;51841;2025-05
17;2025-05-13;52353;2025-05
17;2025-05-14;53170;2025-05
17;2025-05-15;54456;2025-05
17;2025-05-16;55904;2025-05
17;2025-05-17;43965;2025-05
17;2025-05-18;32273;2025-05
17;2025-05-19;53774;2025-05
17;2025-05-20;56282;2025-05
17;2025-05-21;56475;2025-05
17;2025-05-22;57128;2025-05
17;2025-05-23;56603;2025-05
17;2025-05-24;39534;2025-05
17;2025-05-25;32245;2025-05
17;2025-05-26;54190;2025-05
17;2025-05-27;57067;2025-05
17;2025-05-28;56855;2025-05
17;2025-05-29;55590;2025-05
17;2025-05-30;53786;2025-05
17;2025-05-31;36606;2025-05
17;2025-06-01;34533;2025-06
17;2025-06-02;53057;2025-06
17;2025-06-03;55630;2025-06
17;2025-06-04;52912;2025-06
17;2025-06-05;56980;2025-06
17;2025-06-06;53827;2025-06
17;2025-06-07;37355;2025-06
17;2025-06-08;29662;2025-06
17;2025-06-09;51967;2025-06
17;2025-06-10;52033;2025-06
17;2025-06-11;53604;2025-06
17;2025-06-12;36760;2025-06
17;2025-06-13;31512;2025-06
17;2025-06-14;29133;2025-06
17;2025-06-15;29582;2025-06
17;2025-06-16;52295;2025-06
17;2025-06-17;51852;2025-06
17;2025-06-18;50531;2025-06
17;2025-06-19;50260;2025-06
17;2025-06-20;49440;2025-06
17;2025-06-21;37407;2025-06
17;2025-06-22;29753;2025-06
17;2025-06-23;52924;2025-06
17;2025-06-24;52863;2025-06
17;2025-06-25;51039;2025-06
17;2025-06-26;52993;2025-06
17;2025-06-27;40030;2025-06
17;2025-06-28;36064;2025-06
17;2025-06-29;28213;2025-06
17;2025-06-30;47142;2025-06
17;2025-07-01;48316;2025-07
17;2025-07-02;49750;2025-07
17;2025-07-03;54048;2025-07
17;2025-07-04;53380;2025-07
17;2025-07-05;37568;2025-07
17;2025-07-06;33531;2025-07
17;2025-07-07;52403;2025-07
17;2025-07-08;50077;2025-07
17;2025-07-09;46717;2025-07
17;2025-07-10;46105;2025-07
17;2025-07-11;45874;2025-07
17;2025-07-12;30582;2025-07
17;2025-07-13;30129;2025-07
17;2025-07-14;45796;2025-07
17;2025-07-15;43874;2025-07
17;2025-07-16;39177;2025-07
17;2025-07-17;47592;2025-07
17;2025-07-18;48619;2025-07
17;2025-07-19;32031;2025-07
17;2025-07-20;28197;2025-07
17;2025-07-21;41110;2025-07
17;2025-07-22;47186;2025-07
17;2025-07-23;46943;2025-07
17;2025-07-24;48157;2025-07
17;2025-07-25;44430;2025-07
17;2025-07-26;32430;2025-07
17;2025-07-27;29280;2025-07
17;2025-07-28;42894;2025-07
17;2025-07-29;45597;2025-07
17;2025-07-30;45175;2025-07
17;2025-07-31;45775;2025-07
17;2025-08-01;42708;2025-08
17;2025-08-02;34202;2025-08
17;2025-08-03;31860;2025-08
17;2025-08-04;40717;2025-08
17;2025-08-05;50521;2025-08
17;2025-08-06;48258;2025-08
17;2025-08-07;46054;2025-08
17;2025-08-08;48489;2025-08
17;2025-08-09;32550;2025-08
17;2025-08-10;32683;2025-08
17;2025-08-11;46651;2025-08
17;2025-08-12;46944;2025-08
17;2025-08-13;48931;2025-08
17;2025-08-14;45148;2025-08
17;2025-08-15;49671;2025-08
17;2025-08-16;36225;2025-08
17;2025-08-17;31650;2025-08
17;2025-08-18;46818;2025-08
17;2025-08-19;48677;2025-08
17;2025-08-20;48091;2025-08
17;2025-08-21;48379;2025-08
17;2025-08-22;49397;2025-08
17;2025-08-23;35178;2025-08
17;2025-08-24;34371;2025-08
17;2025-08-25;50205;2025-08
17;2025-08-26;50847;2025-08
17;2025-08-27;51611;2025-08
17;2025-08-28;54106;2025-08
17;2025-08-29;49766;2025-08
17;2025-08-30;43184;2025-08
17;2025-08-31;38385;2025-08
17;2025-09-01;56886;2025-09
17;2025-09-02;52632;2025-09
17;2025-09-03;52865;2025-09
17;2025-09-04;54590;2025-09
17;2025-09-05;53901;2025-09
17;2025-09-06;39240;2025-09
17;2025-09-07;34692;2025-09
17;2025-09-08;50147;2025-09
17;2025-09-09;53976;2025-09
17;2025-09-10;53489;2025-09
17;2025-09-11;53181;2025-09
17;2025-09-12;52345;2025-09
17;2025-09-13;35979;2025-09
17;2025-09-14;35703;2025-09
17;2025-09-15;51832;2025-09
17;2025-09-16;54107;2025-09
17;2025-09-17;53049;2025-09
17;2025-09-18;54332;2025-09
17;2025-09-19;53255;2025-09
17;2025-09-20;40697;2025-09
17;2025-09-21;36612;2025-09
17;2025-09-22;53848;2025-09
17;2025-09-23;53930;2025-09
17;2025-09-24;48336;2025-09
17;2025-09-25;53985;2025-09
17;2025-09-26;56240;2025-09
17;2025-09-27;37507;2025-09
17;2025-09-28;36131;2025-09
17;2025-09-29;53014;2025-09
17;2025-09-30;55574;2025-09
17;2025-10-01;55990;2025-10
17;2025-10-02;56147;2025-10
17;2025-10-03;54610;2025-10
17;2025-10-04;43857;2025-10
17;2025-10-05;36410;2025-10
17;2025-10-06;51142;2025-10
17;2025-10-07;55988;2025-10
17;2025-10-08;56071;2025-10
17;2025-10-09;56585;2025-10
17;2025-10-10;55887;2025-10
17;2025-10-11;43909;2025-10
17;2025-10-12;37967;2025-10
17;2025-10-13;50482;2025-10
17;2025-10-14;55908;2025-10
17;2025-10-15;55323;2025-10
17;2025-10-16;58216;2025-10
17;2025-10-17;59442;2025-10
17;2025-10-18;45157;2025-10
17;2025-10-19;36313;2025-10
17;2025-10-20;54099;2025-10
17;2025-10-21;53638;2025-10
17;2025-10-22;55921;2025-10
17;2025-10-23;54920;2025-10
17;2025-10-24;58695;2025-10
17;2025-10-25;40266;2025-10
17;2025-10-26;35205;2025-10
17;2025-10-27;54845;2025-10
17;2025-10-28;55174;2025-10
17;2025-10-29;56081;2025-10
17;2025-10-30;55445;2025-10
17;2025-10-31;51257;2025-10
25;2025-01-01;2396;2025-01
25;2025-01-02;2971;2025-01
25;2025-01-03;4105;2025-01
25;2025-01-04;4080;2025-01
25;2025-01-05;4253;2025-01
25;2025-01-06;3644;2025-01
25;2025-01-07;3119;2025-01
25;2025-01-08;2952;2025-01
25;2025-01-09;5860;2025-01
25;2025-01-10;5807;2025-01
25;2025-01-11;4006;2025-01
25;2025-01-12;3254;2025-01
25;2025-01-13;6997;2025-01
25;2025-01-14;6431;2025-01
25;2025-01-15;6806;2025-01
25;2025-01-16;6581;2025-01
25;2025-01-17;6958;2025-01
25;2025-01-18;4356;2025-01
25;2025-01-19;4440;2025-01
25;2025-01-20;7001;2025-01
25;2025-01-21;6790;2025-01
25;2025-01-22;7672;2025-01
25;2025-01-23;7557;2025-01
25;2025-01-24;6685;2025-01
25;2025-01-25;4608;2025-01
25;2025-01-26;3599;2025-01
25;2025-01-27;6494;2025-01
25;2025-01-28;6433;2025-01
25;2025-01-29;6679;2025-01
25;2025-01-30;6086;2025-01
25;2025-01-31;6405;2025-01
25;2025-02-01;4278;2025-02
25;2025-02-02;3817;2025-02
25;2025-02-03;5989;2025-02
25;2025-02-04;6508;2025-02
25;2025-02-05;5938;2025-02
25;2025-02-06;7861;2025-02
25;2025-02-07;7255;2025-02
25;2025-02-08;5096;2025-02
25;2025-02-09;3704;2025-02
25;2025-02-10;8618;2025-02
25;2025-02-11;8619;2025-02
25;2025-02-12;8283;2025-02
25;2025-02-13;7670;2025-02
25;2025-02-14;7835;2025-02
25;2025-02-15;4779;2025-02
25;2025-02-16;3589;2025-02
25;2025-02-17;6861;2025-02
25;2025-02-18;7610;2025-02
25;2025-02-19;7282;2025-02
25;2025-02-20;7830;2025-02
25;2025-02-21;7393;2025-02
25;2025-02-22;5260;2025-02
25;2025-02-23;4448;2025-02
25;2025-02-24;7254;2025-02
25;2025-02-25;7558;2025-02
25;2025-02-26;7481;2025-02
25;2025-02-27;8759;2025-02
25;2025-02-28;7818;2025-02
25;2025-03-01;5677;2025-03
25;2025-03-02;4447;2025-03
25;2025-03-03;7683;2025-03
25;2025-03-04;7360;2025-03
25;2025-03-05;7441;2025-03
25;2025-03-06;7410;2025-03
25;2025-03-07;7897;2025-03
25;2025-03-08;5978;2025-03
25;2025-03-09;5114;2025-03
25;2025-03-10;7759;2025-03
25;2025-03-11;7420;2025-03
25;2025-03-12;7795;2025-03
25;2025-03-13;8473;2025-03
25;2025-03-14;7845;2025-03
25;2025-03-15;4958;2025-03
25;2025-03-16;5086;2025-03
25;2025-03-17;7355;2025-03
25;2025-03-18;7210;2025-03
25;2025-03-19;7486;2025-03
25;2025-03-20;8126;2025-03
25;2025-03-21;7873;2025-03
25;2025-03-22;5803;2025-03
25;2025-03-23;5018;2025-03
25;2025-03-24;7598;2025-03
25;2025-03-25;7586;2025-03
25;2025-03-26;7519;2025-03
25;2025-03-27;7947;2025-03
25;2025-03-28;7677;2025-03
25;2025-03-29;6372;2025-03
25;2025-03-30;5353;2025-03
25;2025-03-31;9132;2025-03
25;2025-04-01;7801;2025-04
25;2025-04-02;14219;2025-04
25;2025-04-03;6661;2025-04
25;2025-04-04;10414;2025-04
25;2025-04-05;5658;2025-04
25;2025-04-06;2800;2025-04
25;2025-04-07;7660;2025-04
25;2025-04-08;6373;2025-04
25;2025-04-09;8870;2025-04
25;2025-04-10;7715;2025-04
25;2025-04-11;6830;2025-04
25;2025-04-12;6183;2025-04
25;2025-04-13;5792;2025-04
25;2025-04-14;7624;2025-04
25;2025-04-15;8814;2025-04
25;2025-04-16;8626;2025-04
25;2025-04-17;7632;2025-04
25;2025-04-18;7789;2025-04
25;2025-04-19;6951;2025-04
25;2025-04-20;6213;2025-04
25;2025-04-21;7887;2025-04
25;2025-04-22;8348;2025-04
25;2025-04-23;8328;2025-04
25;2025-04-24;8739;2025-04
25;2025-04-25;8083;2025-04
25;2025-04-26;7606;2025-04
25;2025-04-27;5583;2025-04
25;2025-04-28;7885;2025-04
25;2025-04-29;8114;2025-04
25;2025-04-30;7486;2025-04
25;2025-05-01;3004;2025-05
25;2025-05-02;3878;2025-05
25;2025-05-03;4996;2025-05
25;2025-05-04;4716;2025-05
25;2025-05-05;6511;2025-05
25;2025-05-06;7618;2025-05
25;2025-05-07;7798;2025-05
25;2025-05-08;5283;2025-05
25;2025-05-09;5065;2025-05
25;2025-05-10;4713;2025-05
25;2025-05-11;3282;2025-05
25;2025-05-12;5925;2025-05
25;2025-05-13;7424;2025-05
25;2025-05-14;7547;2025-05
25;2025-05-15;8363;2025-05
25;2025-05-16;7918;2025-05
25;2025-05-17;6847;2025-05
25;2025-05-18;5175;2025-05
25;2025-05-19;7280;2025-05
25;2025-05-20;7507;2025-05
25;2025-05-21;7198;2025-05
25;2025-05-22;8577;2025-05
25;2025-05-23;8570;2025-05
25;2025-05-24;7443;2025-05
25;2025-05-25;5622;2025-05
25;2025-05-26;8770;2025-05
25;2025-05-27;8434;2025-05
25;2025-05-28;8068;2025-05
25;2025-05-29;7592;2025-05
25;2025-05-30;7926;2025-05
25;2025-05-31;5955;2025-05
25;2025-06-01;5036;2025-06
25;2025-06-02;7484;2025-06
25;2025-06-03;7542;2025-06
25;2025-06-04;8242;2025-06
25;2025-06-05;7759;2025-06
25;2025-06-06;7608;2025-06
25;2025-06-07;5851;2025-06
25;2025-06-08;4408;2025-06
25;2025-06-09;6540;2025-06
25;2025-06-10;8971;2025-06
25;2025-06-11;8108;2025-06
25;2025-06-12;5509;2025-06
25;2025-06-13;4329;2025-06
25;2025-06-14;3821;2025-06
25;2025-06-15;3757;2025-06
25;2025-06-16;7436;2025-06
25;2025-06-17;6661;2025-06
25;2025-06-18;6006;2025-06
25;2025-06-19;7323;2025-06
25;2025-06-20;5838;2025-06
25;2025-06-21;5240;2025-06
25;2025-06-22;4254;2025-06
25;2025-06-23;6273;2025-06
25;2025-06-24;6428;2025-06
25;2025-06-25;6173;2025-06
25;2025-06-26;6799;2025-06
25;2025-06-27;5911;2025-06
25;2025-06-28;6013;2025-06
25;2025-06-29;3810;2025-06
25;2025-06-30;5362;2025-06
25;2025-07-01;5774;2025-07
25;2025-07-02;5918;2025-07
25;2025-07-03;6654;2025-07
25;2025-07-04;8174;2025-07
25;2025-07-05;5417;2025-07
25;2025-07-06;4633;2025-07
25;2025-07-07;4959;2025-07
25;2025-07-08;5709;2025-07
25;2025-07-09;6611;2025-07
25;2025-07-10;5952;2025-07
25;2025-07-11;6072;2025-07
25;2025-07-12;4010;2025-07
25;2025-07-13;4015;2025-07
25;2025-07-14;5320;2025-07
25;2025-07-15;4853;2025-07
25;2025-07-16;5535;2025-07
25;2025-07-17;5619;2025-07
25;2025-07-18;5972;2025-07
25;2025-07-19;4057;2025-07
25;2025-07-20;3849;2025-07
25;2025-07-21;4382;2025-07
25;2025-07-22;5267;2025-07
25;2025-07-23;5737;2025-07
25;2025-07-24;5752;2025-07
25;2025-07-25;6867;2025-07
25;2025-07-26;4719;2025-07
25;2025-07-27;4225;2025-07
25;2025-07-28;5484;2025-07
25;2025-07-29;5072;2025-07
25;2025-07-30;5461;2025-07
25;2025-07-31;5471;2025-07
25;2025-08-01;5045;2025-08
25;2025-08-02;4507;2025-08
25;2025-08-03;4568;2025-08
25;2025-08-04;3771;2025-08
25;2025-08-05;5181;2025-08
25;2025-08-06;5623;2025-08
25;2025-08-07;5124;2025-08
25;2025-08-08;5466;2025-08
25;2025-08-09;4021;2025-08
25;2025-08-10;4432;2025-08
25;2025-08-11;5439;2025-08
25;2025-08-12;6781;2025-08
25;2025-08-13;6254;2025-08
25;2025-08-14;6129;2025-08
25;2025-08-15;5779;2025-08
25;2025-08-16;7199;2025-08
25;2025-08-17;4070;2025-08
25;2025-08-18;5104;2025-08
25;2025-08-19;6323;2025-08
25;2025-08-20;6280;2025-08
25;2025-08-21;5782;2025-08
25;2025-08-22;5330;2025-08
25;2025-08-23;4324;2025-08
25;2025-08-24;4740;2025-08
25;2025-08-25;6207;2025-08
25;2025-08-26;6748;2025-08
25;2025-08-27;6054;2025-08
25;2025-08-28;6581;2025-08
25;2025-08-29;6064;2025-08
25;2025-08-30;6362;2025-08
25;2025-08-31;5825;2025-08
25;2025-09-01;6358;2025-09
25;2025-09-02;7000;2025-09
25;2025-09-03;7499;2025-09
25;2025-09-04;7697;2025-09
25;2025-09-05;8513;2025-09
25;2025-09-06;6731;2025-09
25;2025-09-07;5428;2025-09
25;2025-09-08;7111;2025-09
25;2025-09-09;7603;2025-09
25;2025-09-10;7604;2025-09
25;2025-09-11;6704;2025-09
25;2025-09-12;8467;2025-09
25;2025-09-13;6119;2025-09
25;2025-09-14;5887;2025-09
25;2025-09-15;8422;2025-09
25;2025-09-16;7510;2025-09
25;2025-09-17;7100;2025-09
25;2025-09-18;7398;2025-09
25;2025-09-19;7579;2025-09
25;2025-09-20;5826;2025-09
25;2025-09-21;5632;2025-09
25;2025-09-22;8959;2025-09
25;2025-09-23;7103;2025-09
25;2025-09-24;7946;2025-09
25;2025-09-25;7134;2025-09
25;2025-09-26;7795;2025-09
25;2025-09-27;5321;2025-09
25;2025-09-28;4885;2025-09
25;2025-09-29;7540;2025-09
25;2025-09-30;8724;2025-09
25;2025-10-01;8287;2025-10
25;2025-10-02;9274;2025-10
25;2025-10-03;7865;2025-10
25;2025-10-04;7501;2025-10
25;2025-10-05;5789;2025-10
25;2025-10-06;7490;2025-10
25;2025-10-07;8239;2025-10
25;2025-10-08;8348;2025-10
25;2025-10-09;8734;2025-10
25;2025-10-10;8335;2025-10
25;2025-10-11;7444;2025-10
25;2025-10-12;6754;2025-10
25;2025-10-13;9591;2025-10
25;2025-10-14;8453;2025-10
25;2025-10-15;9994;2025-10
25;2025-10-16;9059;2025-10
25;2025-10-17;8663;2025-10
25;2025-10-18;6811;2025-10
25;2025-10-19;5489;2025-10
25;2025-10-20;8453;2025-10
25;2025-10-21;8362;2025-10
25;2025-10-22;8744;2025-10
25;2025-10-23;8324;2025-10
25;2025-10-24;10903;2025-10
25;2025-10-25;6708;2025-10
25;2025-10-26;5302;2025-10
25;2025-10-27;8249;2025-10
25;2025-10-28;8220;2025-10
25;2025-10-29;9211;2025-10
25;2025-10-30;8642;2025-10
25;2025-10-31;7704;2025-10
26;2025-01-01;3987;2025-01
26;2025-01-02;6263;2025-01
26;2025-01-03;8000;2025-01
26;2025-01-04;8235;2025-01
26;2025-01-05;8026;2025-01
26;2025-01-06;8092;2025-01
26;2025-01-07;7455;2025-01
26;2025-01-08;8214;2025-01
26;2025-01-09;16751;2025-01
26;2025-01-10;16446;2025-01
26;2025-01-11;9961;2025-01
26;2025-01-12;8943;2025-01
26;2025-01-13;18257;2025-01
26;2025-01-14;18066;2025-01
26;2025-01-15;18810;2025-01
26;2025-01-16;18705;2025-01
26;2025-01-17;18498;2025-01
26;2025-01-18;12049;2025-01
26;2025-01-19;10686;2025-01
26;2025-01-20;18466;2025-01
26;2025-01-21;18978;2025-01
26;2025-01-22;15748;2025-01
26;2025-01-23;18696;2025-01
26;2025-01-24;19350;2025-01
26;2025-01-25;11854;2025-01
26;2025-01-26;8717;2025-01
26;2025-01-27;17410;2025-01
26;2025-01-28;17540;2025-01
26;2025-01-29;17161;2025-01
26;2025-01-30;17854;2025-01
26;2025-01-31;17842;2025-01
26;2025-02-01;10164;2025-02
26;2025-02-02;8906;2025-02
26;2025-02-03;17302;2025-02
26;2025-02-04;17529;2025-02
26;2025-02-05;17724;2025-02
26;2025-02-06;18386;2025-02
26;2025-02-07;19099;2025-02
26;2025-02-08;11310;2025-02
26;2025-02-09;9381;2025-02
26;2025-02-10;19676;2025-02
26;2025-02-11;20636;2025-02
26;2025-02-12;20194;2025-02
26;2025-02-13;20243;2025-02
26;2025-02-14;18872;2025-02
26;2025-02-15;11978;2025-02
26;2025-02-16;9012;2025-02
26;2025-02-17;20684;2025-02
26;2025-02-18;20611;2025-02
26;2025-02-19;20368;2025-02
26;2025-02-20;20626;2025-02
26;2025-02-21;19859;2025-02
26;2025-02-22;12867;2025-02
26;2025-02-23;9042;2025-02
26;2025-02-24;19963;2025-02
26;2025-02-25;21339;2025-02
26;2025-02-26;21299;2025-02
26;2025-02-27;21585;2025-02
26;2025-02-28;20590;2025-02
26;2025-03-01;15009;2025-03
26;2025-03-02;11341;2025-03
26;2025-03-03;20273;2025-03
26;2025-03-04;20193;2025-03
26;2025-03-05;21239;2025-03
26;2025-03-06;20856;2025-03
26;2025-03-07;20411;2025-03
26;2025-03-08;11361;2025-03
26;2025-03-09;10396;2025-03
26;2025-03-10;21096;2025-03
26;2025-03-11;20250;2025-03
26;2025-03-12;21626;2025-03
26;2025-03-13;21481;2025-03
26;2025-03-14;18385;2025-03
26;2025-03-15;13525;2025-03
26;2025-03-16;11230;2025-03
26;2025-03-17;20433;2025-03
26;2025-03-18;21710;2025-03
26;2025-03-19;21484;2025-03
26;2025-03-20;23297;2025-03
26;2025-03-21;21161;2025-03
26;2025-03-22;13336;2025-03
26;2025-03-23;10657;2025-03
26;2025-03-24;21740;2025-03
26;2025-03-25;20911;2025-03
26;2025-03-26;21785;2025-03
26;2025-03-27;21664;2025-03
26;2025-03-28;21075;2025-03
26;2025-03-29;13849;2025-03
26;2025-03-30;11469;2025-03
26;2025-03-31;28121;2025-03
26;2025-04-01;31131;2025-04
26;2025-04-02;32205;2025-04
26;2025-04-03;28172;2025-04
26;2025-04-04;29979;2025-04
26;2025-04-05;19748;2025-04
26;2025-04-06;10955;2025-04
26;2025-04-07;22597;2025-04
26;2025-04-08;22189;2025-04
26;2025-04-09;22332;2025-04
26;2025-04-10;22089;2025-04
26;2025-04-11;21153;2025-04
26;2025-04-12;13558;2025-04
26;2025-04-13;11108;2025-04
26;2025-04-14;22053;2025-04
26;2025-04-15;22984;2025-04
26;2025-04-16;20811;2025-04
26;2025-04-17;22055;2025-04
26;2025-04-18;22590;2025-04
26;2025-04-19;15914;2025-04
26;2025-04-20;10796;2025-04
26;2025-04-21;20640;2025-04
26;2025-04-22;21828;2025-04
26;2025-04-23;20988;2025-04
26;2025-04-24;19795;2025-04
26;2025-04-25;19016;2025-04
26;2025-04-26;12134;2025-04
26;2025-04-27;9716;2025-04
26;2025-04-28;20313;2025-04
26;2025-04-29;21338;2025-04
26;2025-04-30;20269;2025-04
26;2025-05-01;7335;2025-05
26;2025-05-02;8800;2025-05
26;2025-05-03;9376;2025-05
26;2025-05-04;9134;2025-05
26;2025-05-05;17992;2025-05
26;2025-05-06;18973;2025-05
26;2025-05-07;18545;2025-05
26;2025-05-08;10162;2025-05
26;2025-05-09;8139;2025-05
26;2025-05-10;9551;2025-05
26;2025-05-11;5870;2025-05
26;2025-05-12;17153;2025-05
26;2025-05-13;18579;2025-05
26;2025-05-14;19923;2025-05
26;2025-05-15;19624;2025-05
26;2025-05-16;19687;2025-05
26;2025-05-17;12741;2025-05
26;2025-05-18;9282;2025-05
26;2025-05-19;19201;2025-05
26;2025-05-20;19581;2025-05
26;2025-05-21;19617;2025-05
26;2025-05-22;20913;2025-05
26;2025-05-23;18661;2025-05
26;2025-05-24;12329;2025-05
26;2025-05-25;10262;2025-05
26;2025-05-26;20036;2025-05
26;2025-05-27;19664;2025-05
26;2025-05-28;19683;2025-05
26;2025-05-29;19651;2025-05
26;2025-05-30;18348;2025-05
26;2025-05-31;13949;2025-05
26;2025-06-01;11350;2025-06
26;2025-06-02;18419;2025-06
26;2025-06-03;18992;2025-06
26;2025-06-04;17821;2025-06
26;2025-06-05;18117;2025-06
26;2025-06-06;18421;2025-06
26;2025-06-07;11849;2025-06
26;2025-06-08;8614;2025-06
26;2025-06-09;17519;2025-06
26;2025-06-10;17943;2025-06
26;2025-06-11;18457;2025-06
26;2025-06-12;8724;2025-06
26;2025-06-13;8344;2025-06
26;2025-06-14;7870;2025-06
26;2025-06-15;8128;2025-06
26;2025-06-16;17422;2025-06
26;2025-06-17;16827;2025-06
26;2025-06-18;15500;2025-06
26;2025-06-19;16487;2025-06
26;2025-06-20;15330;2025-06
26;2025-06-21;10720;2025-06
26;2025-06-22;8485;2025-06
26;2025-06-23;16691;2025-06
26;2025-06-24;16631;2025-06
26;2025-06-25;16459;2025-06
26;2025-06-26;17304;2025-06
26;2025-06-27;16040;2025-06
26;2025-06-28;10416;2025-06
26;2025-06-29;8245;2025-06
26;2025-06-30;15432;2025-06
26;2025-07-01;15843;2025-07
26;2025-07-02;14178;2025-07
26;2025-07-03;16427;2025-07
26;2025-07-04;14236;2025-07
26;2025-07-05;11171;2025-07
26;2025-07-06;8701;2025-07
26;2025-07-07;15341;2025-07
26;2025-07-08;14483;2025-07
26;2025-07-09;14681;2025-07
26;2025-07-10;14430;2025-07
26;2025-07-11;13819;2025-07
26;2025-07-12;8291;2025-07
26;2025-07-13;7961;2025-07
26;2025-07-14;14015;2025-07
26;2025-07-15;12968;2025-07
26;2025-07-16;15177;2025-07
26;2025-07-17;14890;2025-07
26;2025-07-18;14597;2025-07
26;2025-07-19;9345;2025-07
26;2025-07-20;7728;2025-07
26;2025-07-21;10851;2025-07
26;2025-07-22;14403;2025-07
26;2025-07-23;14559;2025-07
26;2025-07-24;14931;2025-07
26;2025-07-25;14823;2025-07
26;2025-07-26;9299;2025-07
26;2025-07-27;8336;2025-07
26;2025-07-28;14097;2025-07
26;2025-07-29;14735;2025-07
26;2025-07-30;15492;2025-07
26;2025-07-31;14019;2025-07
26;2025-08-01;12613;2025-08
26;2025-08-02;9952;2025-08
26;2025-08-03;8288;2025-08
26;2025-08-04;12434;2025-08
26;2025-08-05;14629;2025-08
26;2025-08-06;13034;2025-08
26;2025-08-07;14106;2025-08
26;2025-08-08;13806;2025-08
26;2025-08-09;8616;2025-08
26;2025-08-10;8744;2025-08
26;2025-08-11;13746;2025-08
26;2025-08-12;14178;2025-08
26;2025-08-13;14818;2025-08
26;2025-08-14;15960;2025-08
26;2025-08-15;13411;2025-08
26;2025-08-16;9463;2025-08
26;2025-08-17;8579;2025-08
26;2025-08-18;14845;2025-08
26;2025-08-19;15135;2025-08
26;2025-08-20;14612;2025-08
26;2025-08-21;14723;2025-08
26;2025-08-22;13409;2025-08
26;2025-08-23;8898;2025-08
26;2025-08-24;8957;2025-08
26;2025-08-25;15091;2025-08
26;2025-08-26;15307;2025-08
26;2025-08-27;15662;2025-08
26;2025-08-28;18262;2025-08
26;2025-08-29;15332;2025-08
26;2025-08-30;11598;2025-08
26;2025-08-31;10219;2025-08
26;2025-09-01;18673;2025-09
26;2025-09-02;21199;2025-09
26;2025-09-03;18875;2025-09
26;2025-09-04;20105;2025-09
26;2025-09-05;19950;2025-09
26;2025-09-06;12670;2025-09
26;2025-09-07;10076;2025-09
26;2025-09-08;19951;2025-09
26;2025-09-09;19863;2025-09
26;2025-09-10;19808;2025-09
26;2025-09-11;20413;2025-09
26;2025-09-12;18187;2025-09
26;2025-09-13;12572;2025-09
26;2025-09-14;9828;2025-09
26;2025-09-15;18809;2025-09
26;2025-09-16;19271;2025-09
26;2025-09-17;19715;2025-09
26;2025-09-18;20232;2025-09
26;2025-09-19;20042;2025-09
26;2025-09-20;11887;2025-09
26;2025-09-21;10261;2025-09
26;2025-09-22;20112;2025-09
26;2025-09-23;20380;2025-09
26;2025-09-24;19798;2025-09
26;2025-09-25;18989;2025-09
26;2025-09-26;19558;2025-09
26;2025-09-27;13488;2025-09
26;2025-09-28;11196;2025-09
26;2025-09-29;20013;2025-09
26;2025-09-30;21270;2025-09
26;2025-10-01;20960;2025-10
26;2025-10-02;20215;2025-10
26;2025-10-03;19925;2025-10
26;2025-10-04;13231;2025-10
26;2025-10-05;9696;2025-10
26;2025-10-06;20151;2025-10
26;2025-10-07;20716;2025-10
26;2025-10-08;22979;2025-10
26;2025-10-09;19580;2025-10
26;2025-10-10;20056;2025-10
26;2025-10-11;12331;2025-10
26;2025-10-12;10367;2025-10
26;2025-10-13;19465;2025-10
26;2025-10-14;23402;2025-10
26;2025-10-15;20719;2025-10
26;2025-10-16;20090;2025-10
26;2025-10-17;20954;2025-10
26;2025-10-18;12749;2025-10
26;2025-10-19;9250;2025-10
26;2025-10-20;19966;2025-10
26;2025-10-21;19990;2025-10
26;2025-10-22;20515;2025-10
26;2025-10-23;21482;2025-10
26;2025-10-24;19364;2025-10
26;2025-10-25;13121;2025-10
26;2025-10-26;9730;2025-10
26;2025-10-27;20497;2025-10
26;2025-10-28;20389;2025-10
26;2025-10-29;21087;2025-10
26;2025-10-30;21315;2025-10
26;2025-10-31;18481;2025-10
28;2025-01-01;2413;2025-01
28;2025-01-02;3571;2025-01
28;2025-01-03;4760;2025-01
28;2025-01-04;4966;2025-01
28;2025-01-05;5727;2025-01
28;2025-01-06;5599;2025-01
28;2025-01-07;5418;2025-01
28;2025-01-08;4612;2025-01
28;2025-01-09;9323;2025-01
28;2025-01-10;9371;2025-01
28;2025-01-11;6059;2025-01
28;2025-01-12;4926;2025-01
28;2025-01-13;11813;2025-01
28;2025-01-14;12096;2025-01
28;2025-01-15;13025;2025-01
28;2025-01-16;11678;2025-01
28;2025-01-17;11764;2025-01
28;2025-01-18;6788;2025-01
28;2025-01-19;6094;2025-01
28;2025-01-20;10820;2025-01
28;2025-01-21;10891;2025-01
28;2025-01-22;10639;2025-01
28;2025-01-23;12263;2025-01
28;2025-01-24;10189;2025-01
28;2025-01-25;6695;2025-01
28;2025-01-26;5382;2025-01
28;2025-01-27;12355;2025-01
28;2025-01-28;11739;2025-01
28;2025-01-29;10744;2025-01
28;2025-01-30;12654;2025-01
28;2025-01-31;10950;2025-01
28;2025-02-01;6535;2025-02
28;2025-02-02;5509;2025-02
28;2025-02-03;11359;2025-02
28;2025-02-04;12257;2025-02
28;2025-02-05;11393;2025-02
28;2025-02-06;10400;2025-02
28;2025-02-07;10018;2025-02
28;2025-02-08;6537;2025-02
28;2025-02-09;5439;2025-02
28;2025-02-10;12155;2025-02
28;2025-02-11;11623;2025-02
28;2025-02-12;12459;2025-02
28;2025-02-13;12280;2025-02
28;2025-02-14;11679;2025-02
28;2025-02-15;7388;2025-02
28;2025-02-16;5905;2025-02
28;2025-02-17;11791;2025-02
28;2025-02-18;10026;2025-02
28;2025-02-19;11192;2025-02
28;2025-02-20;11732;2025-02
28;2025-02-21;11014;2025-02
28;2025-02-22;8030;2025-02
28;2025-02-23;5817;2025-02
28;2025-02-24;11114;2025-02
28;2025-02-25;11600;2025-02
28;2025-02-26;11409;2025-02
28;2025-02-27;10930;2025-02
28;2025-02-28;11561;2025-02
28;2025-03-01;7274;2025-03
28;2025-03-02;4895;2025-03
28;2025-03-03;10495;2025-03
28;2025-03-04;10531;2025-03
28;2025-03-05;11673;2025-03
28;2025-03-06;11732;2025-03
28;2025-03-07;12022;2025-03
28;2025-03-08;6667;2025-03
28;2025-03-09;5942;2025-03
28;2025-03-10;9928;2025-03
28;2025-03-11;11076;2025-03
28;2025-03-12;10337;2025-03
28;2025-03-13;11938;2025-03
28;2025-03-14;10920;2025-03
28;2025-03-15;7469;2025-03
28;2025-03-16;6245;2025-03
28;2025-03-17;11377;2025-03
28;2025-03-18;11884;2025-03
28;2025-03-19;10904;2025-03
28;2025-03-20;10367;2025-03
28;2025-03-21;11521;2025-03
28;2025-03-22;7501;2025-03
28;2025-03-23;6239;2025-03
28;2025-03-24;11324;2025-03
28;2025-03-25;11630;2025-03
28;2025-03-26;11138;2025-03
28;2025-03-27;12666;2025-03
28;2025-03-28;11698;2025-03
28;2025-03-29;7486;2025-03
28;2025-03-30;6034;2025-03
28;2025-03-31;12916;2025-03
28;2025-04-01;13667;2025-04
28;2025-04-02;14590;2025-04
28;2025-04-03;14589;2025-04
28;2025-04-04;15738;2025-04
28;2025-04-05;8767;2025-04
28;2025-04-06;6010;2025-04
28;2025-04-07;11236;2025-04
28;2025-04-08;12099;2025-04
28;2025-04-09;12657;2025-04
28;2025-04-10;12352;2025-04
28;2025-04-11;11053;2025-04
28;2025-04-12;7049;2025-04
28;2025-04-13;6086;2025-04
28;2025-04-14;11260;2025-04
28;2025-04-15;11236;2025-04
28;2025-04-16;12747;2025-04
28;2025-04-17;11320;2025-04
28;2025-04-18;11791;2025-04
28;2025-04-19;8166;2025-04
28;2025-04-20;6151;2025-04
28;2025-04-21;12095;2025-04
28;2025-04-22;11261;2025-04
28;2025-04-23;11562;2025-04
28;2025-04-24;12559;2025-04
28;2025-04-25;10486;2025-04
28;2025-04-26;7524;2025-04
28;2025-04-27;5404;2025-04
28;2025-04-28;11649;2025-04
28;2025-04-29;12173;2025-04
28;2025-04-30;11862;2025-04
28;2025-05-01;4051;2025-05
28;2025-05-02;5190;2025-05
28;2025-05-03;6219;2025-05
28;2025-05-04;4540;2025-05
28;2025-05-05;9625;2025-05
28;2025-05-06;10476;2025-05
28;2025-05-07;10090;2025-05
28;2025-05-08;5568;2025-05
28;2025-05-09;4579;2025-05
28;2025-05-10;5530;2025-05
28;2025-05-11;4954;2025-05
28;2025-05-12;10518;2025-05
28;2025-05-13;12384;2025-05
28;2025-05-14;11168;2025-05
28;2025-05-15;14026;2025-05
28;2025-05-16;9496;2025-05
28;2025-05-17;8550;2025-05
28;2025-05-18;6861;2025-05
28;2025-05-19;12096;2025-05
28;2025-05-20;10836;2025-05
28;2025-05-21;13589;2025-05
28;2025-05-22;10961;2025-05
28;2025-05-23;13454;2025-05
28;2025-05-24;6996;2025-05
28;2025-05-25;7263;2025-05
28;2025-05-26;10648;2025-05
28;2025-05-27;12232;2025-05
28;2025-05-28;11941;2025-05
28;2025-05-29;10614;2025-05
28;2025-05-30;11264;2025-05
28;2025-05-31;6958;2025-05
28;2025-06-01;6708;2025-06
28;2025-06-02;11170;2025-06
28;2025-06-03;10984;2025-06
28;2025-06-04;13680;2025-06
28;2025-06-05;10429;2025-06
28;2025-06-06;10649;2025-06
28;2025-06-07;6571;2025-06
28;2025-06-08;5134;2025-06
28;2025-06-09;10640;2025-06
28;2025-06-10;8950;2025-06
28;2025-06-11;8846;2025-06
28;2025-06-12;5483;2025-06
28;2025-06-13;4194;2025-06
28;2025-06-14;4767;2025-06
28;2025-06-15;4863;2025-06
28;2025-06-16;9984;2025-06
28;2025-06-17;9901;2025-06
28;2025-06-18;9449;2025-06
28;2025-06-19;9232;2025-06
28;2025-06-20;8603;2025-06
28;2025-06-21;5630;2025-06
28;2025-06-22;5062;2025-06
28;2025-06-23;9703;2025-06
28;2025-06-24;9236;2025-06
28;2025-06-25;9631;2025-06
28;2025-06-26;9984;2025-06
28;2025-06-27;10287;2025-06
28;2025-06-28;6732;2025-06
28;2025-06-29;4701;2025-06
28;2025-06-30;11347;2025-06
28;2025-07-01;10799;2025-07
28;2025-07-02;9207;2025-07
28;2025-07-03;10007;2025-07
28;2025-07-04;9062;2025-07
28;2025-07-05;5762;2025-07
28;2025-07-06;5158;2025-07
28;2025-07-07;8065;2025-07
28;2025-07-08;9357;2025-07
28;2025-07-09;8313;2025-07
28;2025-07-10;7564;2025-07
28;2025-07-11;7930;2025-07
28;2025-07-12;6178;2025-07
28;2025-07-13;4836;2025-07
28;2025-07-14;7482;2025-07
28;2025-07-15;8707;2025-07
28;2025-07-16;7678;2025-07
28;2025-07-17;9095;2025-07
28;2025-07-18;8870;2025-07
28;2025-07-19;5477;2025-07
28;2025-07-20;4713;2025-07
28;2025-07-21;6176;2025-07
28;2025-07-22;7403;2025-07
28;2025-07-23;7655;2025-07
28;2025-07-24;8160;2025-07
28;2025-07-25;7061;2025-07
28;2025-07-26;5597;2025-07
28;2025-07-27;5459;2025-07
28;2025-07-28;8186;2025-07
28;2025-07-29;9072;2025-07
28;2025-07-30;7521;2025-07
28;2025-07-31;7679;2025-07
28;2025-08-01;7981;2025-08
28;2025-08-02;4645;2025-08
28;2025-08-03;5087;2025-08
28;2025-08-04;7571;2025-08
28;2025-08-05;8137;2025-08
28;2025-08-06;8767;2025-08
28;2025-08-07;7749;2025-08
28;2025-08-08;7671;2025-08
28;2025-08-09;4478;2025-08
28;2025-08-10;4969;2025-08
28;2025-08-11;7869;2025-08
28;2025-08-12;7475;2025-08
28;2025-08-13;7947;2025-08
28;2025-08-14;7169;2025-08
28;2025-08-15;7896;2025-08
28;2025-08-16;5556;2025-08
28;2025-08-17;5361;2025-08
28;2025-08-18;8285;2025-08
28;2025-08-19;8372;2025-08
28;2025-08-20;7931;2025-08
28;2025-08-21;8915;2025-08
28;2025-08-22;9409;2025-08
28;2025-08-23;5028;2025-08
28;2025-08-24;4571;2025-08
28;2025-08-25;8615;2025-08
28;2025-08-26;8862;2025-08
28;2025-08-27;9275;2025-08
28;2025-08-28;10644;2025-08
28;2025-08-29;9821;2025-08
28;2025-08-30;7144;2025-08
28;2025-08-31;6991;2025-08
28;2025-09-01;9932;2025-09
28;2025-09-02;10577;2025-09
28;2025-09-03;10836;2025-09
28;2025-09-04;11554;2025-09
28;2025-09-05;11059;2025-09
28;2025-09-06;6611;2025-09
28;2025-09-07;5395;2025-09
28;2025-09-08;11296;2025-09
28;2025-09-09;11614;2025-09
28;2025-09-10;11856;2025-09
28;2025-09-11;10999;2025-09
28;2025-09-12;10708;2025-09
28;2025-09-13;8005;2025-09
28;2025-09-14;5859;2025-09
28;2025-09-15;11054;2025-09
28;2025-09-16;11877;2025-09
28;2025-09-17;10482;2025-09
28;2025-09-18;11445;2025-09
28;2025-09-19;9277;2025-09
28;2025-09-20;6491;2025-09
28;2025-09-21;5587;2025-09
28;2025-09-22;6295;2025-09
28;2025-09-23;6041;2025-09
28;2025-09-24;6719;2025-09
28;2025-09-25;11001;2025-09
28;2025-09-26;9742;2025-09
28;2025-09-27;6623;2025-09
28;2025-09-28;6071;2025-09
28;2025-09-29;10771;2025-09
28;2025-09-30;11419;2025-09
28;2025-10-01;12040;2025-10
28;2025-10-02;12161;2025-10
28;2025-10-03;11154;2025-10
28;2025-10-04;7061;2025-10
28;2025-10-05;5547;2025-10
28;2025-10-06;11063;2025-10
28;2025-10-07;12053;2025-10
28;2025-10-08;11732;2025-10
28;2025-10-09;12775;2025-10
28;2025-10-10;11828;2025-10
28;2025-10-11;7504;2025-10
28;2025-10-12;6194;2025-10
28;2025-10-13;10691;2025-10
28;2025-10-14;11431;2025-10
28;2025-10-15;12968;2025-10
28;2025-10-16;12495;2025-10
28;2025-10-17;12063;2025-10
28;2025-10-18;7075;2025-10
28;2025-10-19;6437;2025-10
28;2025-10-20;12047;2025-10
28;2025-10-21;10617;2025-10
28;2025-10-22;11966;2025-10
28;2025-10-23;12574;2025-10
28;2025-10-24;13223;2025-10
28;2025-10-25;7701;2025-10
28;2025-10-26;6140;2025-10
28;2025-10-27;10807;2025-10
28;2025-10-28;11831;2025-10
28;2025-10-29;12493;2025-10
28;2025-10-30;10449;2025-10
28;2025-10-31;10848;2025-10
50;2025-01-01;3606;2025-01
50;2025-01-02;7651;2025-01
50;2025-01-03;8146;2025-01
50;2025-01-04;9463;2025-01
50;2025-01-05;8082;2025-01
50;2025-01-06;9170;2025-01
50;2025-01-07;7466;2025-01
50;2025-01-08;7879;2025-01
50;2025-01-09;24380;2025-01
50;2025-01-10;22865;2025-01
50;2025-01-11;9376;2025-01
50;2025-01-12;9371;2025-01
50;2025-01-13;19743;2025-01
50;2025-01-14;26657;2025-01
50;2025-01-15;26879;2025-01
50;2025-01-16;25795;2025-01
50;2025-01-17;24871;2025-01
50;2025-01-18;11203;2025-01
50;2025-01-19;10098;2025-01
50;2025-01-20;26304;2025-01
50;2025-01-21;27102;2025-01
50;2025-01-22;25948;2025-01
50;2025-01-23;27036;2025-01
50;2025-01-24;26853;2025-01
50;2025-01-25;10482;2025-01
50;2025-01-26;9538;2025-01
50;2025-01-27;25768;2025-01
50;2025-01-28;27943;2025-01
50;2025-01-29;26705;2025-01
50;2025-01-30;26507;2025-01
50;2025-01-31;24494;2025-01
50;2025-02-01;10576;2025-02
50;2025-02-02;9011;2025-02
50;2025-02-03;25622;2025-02
50;2025-02-04;24793;2025-02
50;2025-02-05;27215;2025-02
50;2025-02-06;24591;2025-02
50;2025-02-07;24320;2025-02
50;2025-02-08;9953;2025-02
50;2025-02-09;9002;2025-02
50;2025-02-10;24658;2025-02
50;2025-02-11;30183;2025-02
50;2025-02-12;27607;2025-02
50;2025-02-13;26568;2025-02
50;2025-02-14;26694;2025-02
50;2025-02-15;11819;2025-02
50;2025-02-16;7362;2025-02
50;2025-02-17;27617;2025-02
50;2025-02-18;28731;2025-02
50;2025-02-19;24378;2025-02
50;2025-02-20;26709;2025-02
50;2025-02-21;29819;2025-02
50;2025-02-22;12140;2025-02
50;2025-02-23;9685;2025-02
50;2025-02-24;26369;2025-02
50;2025-02-25;26623;2025-02
50;2025-02-26;29371;2025-02
50;2025-02-27;30126;2025-02
50;2025-02-28;25123;2025-02
50;2025-03-01;11854;2025-03
50;2025-03-02;10028;2025-03
50;2025-03-03;27854;2025-03
50;2025-03-04;28293;2025-03
50;2025-03-05;28722;2025-03
50;2025-03-06;28057;2025-03
50;2025-03-07;26282;2025-03
50;2025-03-08;9507;2025-03
50;2025-03-09;9644;2025-03
50;2025-03-10;27216;2025-03
50;2025-03-11;29264;2025-03
50;2025-03-12;27946;2025-03
50;2025-03-13;28079;2025-03
50;2025-03-14;26686;2025-03
50;2025-03-15;11762;2025-03
50;2025-03-16;9506;2025-03
50;2025-03-17;27689;2025-03
50;2025-03-18;28231;2025-03
50;2025-03-19;29215;2025-03
50;2025-03-20;28060;2025-03
50;2025-03-21;27519;2025-03
50;2025-03-22;11705;2025-03
50;2025-03-23;9521;2025-03
50;2025-03-24;26812;2025-03
50;2025-03-25;28598;2025-03
50;2025-03-26;27337;2025-03
50;2025-03-27;29371;2025-03
50;2025-03-28;25163;2025-03
50;2025-03-29;10794;2025-03
50;2025-03-30;8498;2025-03
50;2025-03-31;25539;2025-03
50;2025-04-01;25800;2025-04
50;2025-04-02;24070;2025-04
50;2025-04-03;22872;2025-04
50;2025-04-04;26346;2025-04
50;2025-04-05;13881;2025-04
50;2025-04-06;10311;2025-04
50;2025-04-07;26320;2025-04
50;2025-04-08;26205;2025-04
50;2025-04-09;28264;2025-04
50;2025-04-10;29010;2025-04
50;2025-04-11;26771;2025-04
50;2025-04-12;12459;2025-04
50;2025-04-13;10133;2025-04
50;2025-04-14;27856;2025-04
50;2025-04-15;27273;2025-04
50;2025-04-16;23697;2025-04
50;2025-04-17;26021;2025-04
50;2025-04-18;25179;2025-04
50;2025-04-19;12686;2025-04
50;2025-04-20;10222;2025-04
50;2025-04-21;26682;2025-04
50;2025-04-22;28324;2025-04
50;2025-04-23;28316;2025-04
50;2025-04-24;28077;2025-04
50;2025-04-25;26046;2025-04
50;2025-04-26;12213;2025-04
50;2025-04-27;9055;2025-04
50;2025-04-28;26145;2025-04
50;2025-04-29;26264;2025-04
50;2025-04-30;25521;2025-04
50;2025-05-01;7270;2025-05
50;2025-05-02;9115;2025-05
50;2025-05-03;9923;2025-05
50;2025-05-04;9098;2025-05
50;2025-05-05;23313;2025-05
50;2025-05-06;24707;2025-05
50;2025-05-07;24226;2025-05
50;2025-05-08;9267;2025-05
50;2025-05-09;8021;2025-05
50;2025-05-10;8106;2025-05
50;2025-05-11;10112;2025-05
50;2025-05-12;26087;2025-05
50;2025-05-13;28033;2025-05
50;2025-05-14;24507;2025-05
50;2025-05-15;26210;2025-05
50;2025-05-16;25539;2025-05
50;2025-05-17;11930;2025-05
50;2025-05-18;9394;2025-05
50;2025-05-19;26233;2025-05
50;2025-05-20;25644;2025-05
50;2025-05-21;29444;2025-05
50;2025-05-22;27320;2025-05
50;2025-05-23;25117;2025-05
50;2025-05-24;11137;2025-05
50;2025-05-25;9904;2025-05
50;2025-05-26;25841;2025-05
50;2025-05-27;26325;2025-05
50;2025-05-28;25241;2025-05
50;2025-05-29;27707;2025-05
50;2025-05-30;23968;2025-05
50;2025-05-31;10074;2025-05
50;2025-06-01;8736;2025-06
50;2025-06-02;25009;2025-06
50;2025-06-03;24816;2025-06
50;2025-06-04;24161;2025-06
50;2025-06-05;21867;2025-06
50;2025-06-06;20309;2025-06
50;2025-06-07;10138;2025-06
50;2025-06-08;6522;2025-06
50;2025-06-09;21781;2025-06
50;2025-06-10;23780;2025-06
50;2025-06-11;23014;2025-06
50;2025-06-12;9441;2025-06
50;2025-06-13;8927;2025-06
50;2025-06-14;7634;2025-06
50;2025-06-15;8336;2025-06
50;2025-06-16;22664;2025-06
50;2025-06-17;23669;2025-06
50;2025-06-18;23241;2025-06
50;2025-06-19;22667;2025-06
50;2025-06-20;21115;2025-06
50;2025-06-21;10079;2025-06
50;2025-06-22;8221;2025-06
50;2025-06-23;22155;2025-06
50;2025-06-24;22945;2025-06
50;2025-06-25;22203;2025-06
50;2025-06-26;23065;2025-06
50;2025-06-27;21374;2025-06
50;2025-06-28;9774;2025-06
50;2025-06-29;7909;2025-06
50;2025-06-30;21858;2025-06
50;2025-07-01;21535;2025-07
50;2025-07-02;22886;2025-07
50;2025-07-03;22964;2025-07
50;2025-07-04;21004;2025-07
50;2025-07-05;9451;2025-07
50;2025-07-06;9503;2025-07
50;2025-07-07;20686;2025-07
50;2025-07-08;21166;2025-07
50;2025-07-09;20348;2025-07
50;2025-07-10;27506;2025-07
50;2025-07-11;24188;2025-07
50;2025-07-12;15827;2025-07
50;2025-07-13;14112;2025-07
50;2025-07-14;27275;2025-07
50;2025-07-15;24500;2025-07
50;2025-07-16;28336;2025-07
50;2025-07-17;28367;2025-07
50;2025-07-18;27999;2025-07
50;2025-07-19;15882;2025-07
50;2025-07-20;14012;2025-07
50;2025-07-21;25942;2025-07
50;2025-07-22;28239;2025-07
50;2025-07-23;27807;2025-07
50;2025-07-24;26344;2025-07
50;2025-07-25;26923;2025-07
50;2025-07-26;16524;2025-07
50;2025-07-27;14666;2025-07
50;2025-07-28;26950;2025-07
50;2025-07-29;26478;2025-07
50;2025-07-30;26373;2025-07
50;2025-07-31;26299;2025-07
50;2025-08-01;25694;2025-08
50;2025-08-02;16183;2025-08
50;2025-08-03;14780;2025-08
50;2025-08-04;24668;2025-08
50;2025-08-05;24123;2025-08
50;2025-08-06;26080;2025-08
50;2025-08-07;27221;2025-08
50;2025-08-08;25939;2025-08
50;2025-08-09;16146;2025-08
50;2025-08-10;14509;2025-08
50;2025-08-11;14702;2025-08
50;2025-08-12;16773;2025-08
50;2025-08-13;16534;2025-08
50;2025-08-14;16507;2025-08
50;2025-08-15;13928;2025-08
50;2025-08-16;7910;2025-08
50;2025-08-17;7091;2025-08
50;2025-08-18;17770;2025-08
50;2025-08-19;18033;2025-08
50;2025-08-20;17973;2025-08
50;2025-08-21;19902;2025-08
50;2025-08-22;18094;2025-08
50;2025-08-23;8521;2025-08
50;2025-08-24;8262;2025-08
50;2025-08-25;18946;2025-08
50;2025-08-26;16428;2025-08
50;2025-08-27;21642;2025-08
50;2025-08-28;21051;2025-08
50;2025-08-29;19397;2025-08
50;2025-08-30;9414;2025-08
50;2025-08-31;8476;2025-08
50;2025-09-01;22754;2025-09
50;2025-09-02;23713;2025-09
50;2025-09-03;23486;2025-09
50;2025-09-04;23493;2025-09
50;2025-09-05;24878;2025-09
50;2025-09-06;86;2025-09
50;2025-09-07;20;2025-09
50;2025-09-08;24070;2025-09
50;2025-09-09;24473;2025-09
50;2025-09-10;24012;2025-09
50;2025-09-11;24570;2025-09
50;2025-09-12;25554;2025-09
50;2025-09-13;2736;2025-09
50;2025-09-14;15;2025-09
50;2025-09-15;25169;2025-09
50;2025-09-16;25964;2025-09
50;2025-09-17;22566;2025-09
50;2025-09-18;23868;2025-09
50;2025-09-19;21977;2025-09
50;2025-09-20;304;2025-09
50;2025-09-21;0;2025-09
50;2025-09-22;24136;2025-09
50;2025-09-23;23654;2025-09
50;2025-09-24;24463;2025-09
50;2025-09-25;24464;2025-09
50;2025-09-26;25076;2025-09
50;2025-09-27;20;2025-09
50;2025-09-28;206;2025-09
50;2025-09-29;25329;2025-09
50;2025-09-30;25223;2025-09
50;2025-10-01;39898;2025-10
50;2025-10-02;26332;2025-10
50;2025-10-03;25830;2025-10
50;2025-10-04;184;2025-10
50;2025-10-05;85;2025-10
50;2025-10-06;25367;2025-10
50;2025-10-07;27268;2025-10
50;2025-10-08;23651;2025-10
50;2025-10-09;24223;2025-10
50;2025-10-10;26610;2025-10
50;2025-10-11;718;2025-10
50;2025-10-12;8;2025-10
50;2025-10-13;26344;2025-10
50;2025-10-14;26233;2025-10
50;2025-10-15;28517;2025-10
50;2025-10-16;24739;2025-10
50;2025-10-17;25917;2025-10
50;2025-10-18;1784;2025-10
50;2025-10-19;2560;2025-10
50;2025-10-20;23934;2025-10
50;2025-10-21;26629;2025-10
50;2025-10-22;27002;2025-10
50;2025-10-23;27677;2025-10
50;2025-10-24;25097;2025-10
50;2025-10-25;88;2025-10
50;2025-10-26;1015;2025-10
50;2025-10-27;27049;2025-10
50;2025-10-28;28966;2025-10
50;2025-10-29;26244;2025-10
50;2025-10-30;27066;2025-10
50;2025-10-31;24146;2025-10
