hour;False;True
0;415.76146788990826;608.6395348837209
1;39.11467889908257;74.66279069767442
2;1.408256880733945;3.116279069767442
3;1.536697247706422;3.697674418604651
4;52.555045871559635;15.883720930232558
5;1482.8623853211009;682.4186046511628
6;6656.334862385321;2690.8720930232557
7;14834.591743119267;3790.593023255814
8;20804.633027522937;5315.732558139535
9;15424.055045871559;6614.360465116279
10;12521.908256880733;7413.662790697675
11;12157.463302752294;8776.96511627907
12;12395.756880733945;9616.616279069767
13;12694.564220183487;10182.488372093023
14;12567.697247706423;10200.06976744186
15;13607.711009174312;9988.627906976744
16;15362.79357798165;9819.790697674418
17;18302.69266055046;9726.372093023256
18;19458.55504587156;8890.67441860465
19;14340.811926605504;7859.883720930233
20;9624.243119266055;6108.53488372093
21;6051.151376146789;4583.8488372093025
22;3242.0366972477063;2748.6976744186045
23;1491.3256880733945;1461.8139534883721
