route;2025-01;2025-02;2025-03;2025-04;2025-05;2025-06;2025-07;2025-08;2025-09;2025-10
1;14965.290322580646;17852.678571428572;18162.612903225807;19156.533333333333;16257.645161290322;15639.9;14843.774193548386;14550.645161290322;18226.833333333332;19009.290322580644
5;0.0;0.0;0.0;0.0;0.0;0.0;0.0;0.0;0.0;0.0
7;19849.935483870966;24247.821428571428;24610.645161290322;28569.0;22964.612903225807;21414.133333333335;12997.967741935483;15211.612903225807;21649.766666666666;22615.483870967742
11;26384.612903225807;31840.035714285714;32555.645161290322;30698.6;28429.290322580644;28239.633333333335;27070.74193548387;26712.387096774193;31702.033333333333;30838.709677419356
12;28332.774193548386;32676.25;34134.032258064515;32002.466666666667;30348.90322580645;28727.166666666668;28288.967741935485;27888.967741935485;32466.633333333335;32567.90322580645
17;44484.51612903226;49608.92857142857;49967.12903225807;42309.4;45601.645161290326;44711.76666666667;42991.709677419356;43944.41935483871;49069.166666666664;51320.967741935485
25;5323.387096774193;6621.178571428572;6980.580645161291;7622.8;6613.064516129032;6149.733333333334;5404.5161290322585;5519.774193548387;7119.833333333333;8094.903225806452
26;13711.612903225807;17115.89285714286;18431.09677419355;20348.533333333333;15250.354838709678;14285.233333333334;13026.677419354839;12852.483870967742;17573.033333333333;18153.967741935485
28;8558.838709677419;9969.714285714286;9800.935483870968;10837.966666666667;9118.612903225807;8418.333333333334;7555.774193548387;7425.5161290322585;9239.866666666667;10482.838709677419
50;17980.032258064515;22023.75;22088.774193548386;22400.633333333335;18993.967741935485;17580.333333333332;22261.032258064515;17183.774193548386;17875.966666666667;20038.09677419355
