route;total;positive_hours;max_hour;share_pct;daily_average;positive_days;zero_days
1;5122040;6204;2645;8.584349144239084;16848.815789473683;304;0
5;0;0;0;0.0;0.0;0;304
7;6493684;6600;5055;10.8831736355747;21360.802631578947;304;0
11;8942462;6416;3944;14.98723477698154;29415.99342105263;304;0
12;9339231;6629;4340;15.652204911070811;30721.154605263157;304;0
17;14099382;6677;5827;23.630041508070992;46379.54605263158;304;0
25;1988187;5904;1626;3.3321277014699753;6540.088815789473;304;0
26;4879661;6592;3656;8.17813092625728;16051.516447368422;304;0
28;2775255;6116;1783;4.651224489518872;9129.128289473685;304;0
50;6027289;6413;4276;10.101512906816748;19826.60855263158;303;1
