route;same_direction_peer_count;same_direction_peer_routes;shared_departure_stop_positions;shared_stop_pair_direction_rows;shared_directed_track_m;geometry_as_of;historical_2025_verified
1;0;;0;0;0;2026-02-09;0
5;2;7|50;18;18;4782.9;2026-02-09;0
7;3;5|11|50;49;49;15802.7;2026-02-09;0
11;4;7|12|17|25;62;72;27364.2;2026-02-09;0
12;2;11|50;34;34;14855.2;2026-02-09;0
17;2;11|25;10;20;4375.2;2026-02-09;0
25;2;11|17;22;32;9416.6;2026-02-09;0
26;0;;0;0;0;2026-02-09;0
28;0;;0;0;0;2026-02-09;0
50;3;5|7|12;43;43;11960.8;2026-02-09;0
