route_a;route_b;relation_a;relation_b;direction_a;direction_b;stop_id;stop_name;towards_a;towards_b;stop_order_a;stop_order_b;stop_lat;stop_lon;next_common_stop_id;next_common_stop_name;next_stop_order_a;next_stop_order_b;same_immediate_next_stop;shared_to_next_stop_m;corridor_end_stop_id;corridor_end_stop_name;remaining_common_corridor_m;downstream_common_stop_count;same_direction;source;geometry_as_of;historical_2025_verified
5;7;7556406;556900;0;0;osm-node-5041552959;Белорусский вокзал;Метро «Рижская»;Метро «Бульвар Рокоссовского»;1;1;55.7763827;37.5835607;osm-node-6173481392;Метро «Белорусская»;2;2;1;326.2;osm-node-4291992592;Лесная улица;1286.2;4;1;OpenStreetMap;2026-02-09;0
5;7;7556406;556900;0;0;osm-node-6173481392;Метро «Белорусская»;Метро «Рижская»;Метро «Бульвар Рокоссовского»;2;2;55.7772017;37.5866005;osm-node-1927810164;ДК Зуева;3;3;1;299.0;osm-node-4291992592;Лесная улица;960.0;3;1;OpenStreetMap;2026-02-09;0
5;7;7556406;556900;0;0;osm-node-1927810164;ДК Зуева;Метро «Рижская»;Метро «Бульвар Рокоссовского»;3;3;55.7792403;37.5897182;osm-node-4291992645;Миусское депо;4;4;1;253.5;osm-node-4291992592;Лесная улица;661.0;2;1;OpenStreetMap;2026-02-09;0
5;7;7556406;556900;0;0;osm-node-4291992645;Миусское депо;Метро «Рижская»;Метро «Бульвар Рокоссовского»;4;4;55.7809631;37.5923727;osm-node-4291992592;Лесная улица;5;5;1;407.5;osm-node-4291992592;Лесная улица;407.5;1;1;OpenStreetMap;2026-02-09;0
5;7;15840810;3299879;1;1;osm-node-4291992598;Улица Палиха;Белорусский вокзал;Белорусский вокзал;11;39;55.7847388;37.6003673;osm-node-4291989485;Лесная улица;12;40;1;297.7;osm-node-5041552959;Белорусский вокзал;1480.0;5;1;OpenStreetMap;2026-02-09;0
5;7;15840810;3299879;1;1;osm-node-4291989485;Лесная улица;Белорусский вокзал;Белорусский вокзал;12;40;55.7836325;37.5962169;osm-node-6180449287;Миусское депо;13;41;1;404.6;osm-node-5041552959;Белорусский вокзал;1182.3;4;1;OpenStreetMap;2026-02-09;0
5;7;15840810;3299879;1;1;osm-node-6180449287;Миусское депо;Белорусский вокзал;Белорусский вокзал;13;41;55.780823;37.5921057;osm-node-1927810165;ДК Зуева;14;42;1;268.5;osm-node-5041552959;Белорусский вокзал;777.8;3;1;OpenStreetMap;2026-02-09;0
5;7;15840810;3299879;1;1;osm-node-1927810165;ДК Зуева;Белорусский вокзал;Белорусский вокзал;14;42;55.7789959;37.5892979;osm-node-6173481393;Метро «Белорусская»;15;43;1;289.8;osm-node-5041552959;Белорусский вокзал;509.2;2;1;OpenStreetMap;2026-02-09;0
5;7;15840810;3299879;1;1;osm-node-6173481393;Метро «Белорусская»;Белорусский вокзал;Белорусский вокзал;15;43;55.7770315;37.5862523;osm-node-5041552959;Белорусский вокзал;16;44;1;219.4;osm-node-5041552959;Белорусский вокзал;219.4;1;1;OpenStreetMap;2026-02-09;0
5;50;7556406;1538170;0;1;osm-node-2631470110;Улица Палиха;Метро «Рижская»;Дом культуры «Компрессор»;6;4;55.7856552;37.6015668;osm-node-2631470111;Тихвинский переулок;7;5;1;233.6;osm-node-13388798128;МИИТ;1134.2;5;1;OpenStreetMap;2026-02-09;0
5;50;7556406;1538170;0;1;osm-node-2631470111;Тихвинский переулок;Метро «Рижская»;Дом культуры «Компрессор»;7;5;55.7876989;37.6007055;osm-node-4291992590;Минаевский переулок;8;6;1;327.1;osm-node-13388798128;МИИТ;900.7;4;1;OpenStreetMap;2026-02-09;0
5;50;7556406;1538170;0;1;osm-node-4291992590;Минаевский переулок;Метро «Рижская»;Дом культуры «Компрессор»;8;6;55.7895582;37.6025232;osm-node-2631470095;Дворец культуры МИИТ;9;7;1;158.4;osm-node-13388798128;МИИТ;573.6;3;1;OpenStreetMap;2026-02-09;0
5;50;7556406;1538170;0;1;osm-node-2631470095;Дворец культуры МИИТ;Метро «Рижская»;Дом культуры «Компрессор»;9;7;55.7897464;37.6050345;osm-node-2631470113;Улица Образцова;10;8;1;237.8;osm-node-13388798128;МИИТ;415.2;2;1;OpenStreetMap;2026-02-09;0
5;50;7556406;1538170;0;1;osm-node-2631470113;Улица Образцова;Метро «Рижская»;Дом культуры «Компрессор»;10;8;55.7900162;37.6088081;osm-node-13388798128;МИИТ;11;9;1;177.4;osm-node-13388798128;МИИТ;177.4;1;1;OpenStreetMap;2026-02-09;0
5;50;15840810;1538169;1;0;osm-node-13388798130;МИИТ;Белорусский вокзал;Метро «Новослободская»;6;33;55.7889435;37.6099502;osm-node-2631470114;Улица Образцова;7;34;1;158.2;osm-node-2631470112;Тихвинский переулок;882.5;4;1;OpenStreetMap;2026-02-09;0
5;50;15840810;1538169;1;0;osm-node-2631470114;Улица Образцова;Белорусский вокзал;Метро «Новослободская»;7;34;55.790079;37.6093138;osm-node-2631470097;Дворец культуры МИИТ;8;35;1;302.9;osm-node-2631470112;Тихвинский переулок;724.2;3;1;OpenStreetMap;2026-02-09;0
5;50;15840810;1538169;1;0;osm-node-2631470097;Дворец культуры МИИТ;Белорусский вокзал;Метро «Новослободская»;8;35;55.7897343;37.6045073;osm-node-2631470108;Минаевский переулок;9;36;1;214.7;osm-node-2631470112;Тихвинский переулок;421.3;2;1;OpenStreetMap;2026-02-09;0
5;50;15840810;1538169;1;0;osm-node-2631470108;Минаевский переулок;Белорусский вокзал;Метро «Новослободская»;9;36;55.7894817;37.6011028;osm-node-2631470112;Тихвинский переулок;10;37;1;206.6;osm-node-2631470112;Тихвинский переулок;206.6;1;1;OpenStreetMap;2026-02-09;0
7;11;556900;920053;0;1;osm-node-1984681607;Метро «Преображенская площадь»;Метро «Бульвар Рокоссовского»;Останкино;31;21;55.7971751;37.7147987;osm-node-1984681624;Улица Хромова;32;22;1;367.1;osm-node-1984681646;Инновационный университет;2111.4;5;1;OpenStreetMap;2026-02-09;0
7;11;556900;920053;0;1;osm-node-1984681624;Улица Хромова;Метро «Бульвар Рокоссовского»;Останкино;32;22;55.8001894;37.7126904;osm-node-1984681574;Мосгорсуд;33;23;1;603.2;osm-node-1984681646;Инновационный университет;1744.3;4;1;OpenStreetMap;2026-02-09;0
7;11;556900;920053;0;1;osm-node-1984681574;Мосгорсуд;Метро «Бульвар Рокоссовского»;Останкино;33;23;55.8045675;37.7072979;osm-node-1984681580;Телерадиокомпания «Мир»;34;24;1;259.3;osm-node-1984681646;Инновационный университет;1141.1;3;1;OpenStreetMap;2026-02-09;0
7;11;556900;920053;0;1;osm-node-1984681580;Телерадиокомпания «Мир»;Метро «Бульвар Рокоссовского»;Останкино;34;24;55.8068477;37.7064271;osm-node-1984682066;1-я Прогонная улица;35;25;1;385.8;osm-node-1984681646;Инновационный университет;881.8;2;1;OpenStreetMap;2026-02-09;0
7;11;556900;920053;0;1;osm-node-1984682066;1-я Прогонная улица;Метро «Бульвар Рокоссовского»;Останкино;35;25;55.8099066;37.7039343;osm-node-1984681646;Инновационный университет;36;26;1;495.9;osm-node-1984681646;Инновационный университет;495.9;1;1;OpenStreetMap;2026-02-09;0
7;11;3299879;918052;1;0;osm-node-1984681642;Инновационный университет;Белорусский вокзал;Восточное Измайлово;9;15;55.8123893;37.6978374;osm-node-1984682069;1-я Прогонная улица;10;16;1;430.9;osm-node-1984681612;Метро «Преображенская площадь»;2022.1;5;1;OpenStreetMap;2026-02-09;0
7;11;3299879;918052;1;0;osm-node-1984682069;1-я Прогонная улица;Белорусский вокзал;Восточное Измайлово;10;16;55.8101641;37.7034529;osm-node-1984681582;Телерадиокомпания «Мир»;11;17;1;388.6;osm-node-1984681612;Метро «Преображенская площадь»;1591.1;4;1;OpenStreetMap;2026-02-09;0
7;11;3299879;918052;1;0;osm-node-1984681582;Телерадиокомпания «Мир»;Белорусский вокзал;Восточное Измайлово;11;17;55.8071635;37.7062274;osm-node-1984681577;Мосгорсуд;12;18;1;270.6;osm-node-1984681612;Метро «Преображенская площадь»;1202.5;3;1;OpenStreetMap;2026-02-09;0
7;11;3299879;918052;1;0;osm-node-1984681577;Мосгорсуд;Белорусский вокзал;Восточное Измайлово;12;18;55.8047883;37.7071638;osm-node-1984681614;Улица Хромова;13;19;1;657.2;osm-node-1984681612;Метро «Преображенская площадь»;932.0;2;1;OpenStreetMap;2026-02-09;0
7;11;3299879;918052;1;0;osm-node-1984681614;Улица Хромова;Белорусский вокзал;Восточное Измайлово;13;19;55.799953;37.7128303;osm-node-1984681612;Метро «Преображенская площадь»;14;20;1;274.8;osm-node-1984681612;Метро «Преображенская площадь»;274.8;1;1;OpenStreetMap;2026-02-09;0
7;50;556900;1538170;0;1;osm-node-12464935104;Площадь Борьбы;Метро «Бульвар Рокоссовского»;Дом культуры «Компрессор»;7;11;55.7843377;37.6069101;osm-node-3007312924;Улица Достоевского;8;12;1;257.8;osm-node-471943152;Метро «Красносельская»;4989.2;16;1;OpenStreetMap;2026-02-09;0
7;50;556900;1538170;0;1;osm-node-3007312924;Улица Достоевского;Метро «Бульвар Рокоссовского»;Дом культуры «Компрессор»;8;12;55.783144;37.6104435;osm-node-3016721033;Селезнёвская улица;9;13;1;269.0;osm-node-471943152;Метро «Красносельская»;4731.4;15;1;OpenStreetMap;2026-02-09;0
7;50;556900;1538170;0;1;osm-node-3016721033;Селезнёвская улица;Метро «Бульвар Рокоссовского»;Дом культуры «Компрессор»;9;13;55.7811663;37.6091909;osm-node-473120396;4-й Самотёчный переулок;10;14;1;353.0;osm-node-471943152;Метро «Красносельская»;4462.4;14;1;OpenStreetMap;2026-02-09;0
7;50;556900;1538170;0;1;osm-node-473120396;4-й Самотёчный переулок;Метро «Бульвар Рокоссовского»;Дом культуры «Компрессор»;10;14;55.7795009;37.6128558;osm-node-473120397;Самотёчная улица;11;15;1;284.0;osm-node-471943152;Метро «Красносельская»;4109.4;13;1;OpenStreetMap;2026-02-09;0
7;50;556900;1538170;0;1;osm-node-473120397;Самотёчная улица;Метро «Бульвар Рокоссовского»;Дом культуры «Компрессор»;11;15;55.778521;37.6169873;osm-node-3016214896;Театр зверей имени Дурова;12;16;1;491.7;osm-node-471943152;Метро «Красносельская»;3825.5;12;1;OpenStreetMap;2026-02-09;0
7;50;556900;1538170;0;1;osm-node-3016214896;Театр зверей имени Дурова;Метро «Бульвар Рокоссовского»;Дом культуры «Компрессор»;12;16;55.7790421;37.6232957;osm-node-473120399;Улица Щепкина;13;17;1;350.5;osm-node-471943152;Метро «Красносельская»;3333.8;11;1;OpenStreetMap;2026-02-09;0
7;50;556900;1538170;0;1;osm-node-473120399;Улица Щепкина;Метро «Бульвар Рокоссовского»;Дом культуры «Компрессор»;13;17;55.778312;37.6286886;osm-node-473120400;Улица Гиляровского;14;18;1;229.7;osm-node-471943152;Метро «Красносельская»;2983.3;10;1;OpenStreetMap;2026-02-09;0
7;50;556900;1538170;0;1;osm-node-473120400;Улица Гиляровского;Метро «Бульвар Рокоссовского»;Дом культуры «Компрессор»;14;18;55.7792951;37.630905;osm-node-4656724435;Спорткомплекс «Олимпийский»;15;19;1;222.8;osm-node-471943152;Метро «Красносельская»;2753.6;9;1;OpenStreetMap;2026-02-09;0
7;50;556900;1538170;0;1;osm-node-4656724435;Спорткомплекс «Олимпийский»;Метро «Бульвар Рокоссовского»;Дом культуры «Компрессор»;15;19;55.7806137;37.6323751;osm-node-473120401;Метро «Проспект Мира»;16;20;1;128.2;osm-node-471943152;Метро «Красносельская»;2530.8;8;1;OpenStreetMap;2026-02-09;0
7;50;556900;1538170;0;1;osm-node-473120401;Метро «Проспект Мира»;Метро «Бульвар Рокоссовского»;Дом культуры «Компрессор»;16;20;55.7804065;37.6343838;osm-node-473120402;Ботанический переулок;17;21;1;356.0;osm-node-471943152;Метро «Красносельская»;2402.6;7;1;OpenStreetMap;2026-02-09;0
7;50;556900;1538170;0;1;osm-node-473120402;Ботанический переулок;Метро «Бульвар Рокоссовского»;Дом культуры «Компрессор»;17;21;55.7798197;37.6399804;osm-node-4291989484;Астраханский переулок;18;22;1;130.3;osm-node-471943152;Метро «Красносельская»;2046.6;6;1;OpenStreetMap;2026-02-09;0
7;50;556900;1538170;0;1;osm-node-4291989484;Астраханский переулок;Метро «Бульвар Рокоссовского»;Дом культуры «Компрессор»;18;22;55.7796845;37.6420429;osm-node-473120404;Пантелеевская улица;19;23;1;231.6;osm-node-471943152;Метро «Красносельская»;1916.3;5;1;OpenStreetMap;2026-02-09;0
7;50;556900;1538170;0;1;osm-node-473120404;Пантелеевская улица;Метро «Бульвар Рокоссовского»;Дом культуры «Компрессор»;19;23;55.7793525;37.6454248;osm-node-11987259526;Каланчёвская улица;20;24;1;502.6;osm-node-471943152;Метро «Красносельская»;1684.7;4;1;OpenStreetMap;2026-02-09;0
7;50;556900;1538170;0;1;osm-node-11987259526;Каланчёвская улица;Метро «Бульвар Рокоссовского»;Дом культуры «Компрессор»;20;24;55.7757977;37.650312;osm-node-13134322144;МЦД Площадь трёх вокзалов;21;25;1;243.8;osm-node-471943152;Метро «Красносельская»;1182.1;3;1;OpenStreetMap;2026-02-09;0
7;50;556900;1538170;0;1;osm-node-13134322144;МЦД Площадь трёх вокзалов;Метро «Бульвар Рокоссовского»;Дом культуры «Компрессор»;21;25;55.7746318;37.6531564;osm-node-471943151;Метро «Комсомольская»;22;26;1;165.1;osm-node-471943152;Метро «Красносельская»;938.2;2;1;OpenStreetMap;2026-02-09;0
7;50;556900;1538170;0;1;osm-node-471943151;Метро «Комсомольская»;Метро «Бульвар Рокоссовского»;Дом культуры «Компрессор»;22;26;55.7752772;37.6555161;osm-node-471943152;Метро «Красносельская»;23;27;1;773.1;osm-node-471943152;Метро «Красносельская»;773.1;1;1;OpenStreetMap;2026-02-09;0
7;50;3299879;1538169;1;0;osm-node-387747233;Метро «Комсомольская»;Белорусский вокзал;Метро «Новослободская»;23;16;55.7754616;37.6563076;osm-node-13134322142;МЦД Площадь трёх вокзалов;24;17;1;237.4;osm-node-1257401460;Улица Достоевского;3913.8;14;1;OpenStreetMap;2026-02-09;0
7;50;3299879;1538169;1;0;osm-node-13134322142;МЦД Площадь трёх вокзалов;Белорусский вокзал;Метро «Новослободская»;24;17;55.7746859;37.6527737;osm-node-2214943613;Каланчёвская улица;25;18;1;271.6;osm-node-1257401460;Улица Достоевского;3676.4;13;1;OpenStreetMap;2026-02-09;0
7;50;3299879;1538169;1;0;osm-node-2214943613;Каланчёвская улица;Белорусский вокзал;Метро «Новослободская»;25;18;55.7762135;37.6496992;osm-node-697485006;Пантелеевская улица;26;19;1;470.4;osm-node-1257401460;Улица Достоевского;3404.8;12;1;OpenStreetMap;2026-02-09;0
7;50;3299879;1538169;1;0;osm-node-697485006;Пантелеевская улица;Белорусский вокзал;Метро «Новослободская»;26;19;55.7795661;37.6451873;osm-node-473120403;Астраханский переулок;27;20;1;242.4;osm-node-1257401460;Улица Достоевского;2934.5;11;1;OpenStreetMap;2026-02-09;0
7;50;3299879;1538169;1;0;osm-node-473120403;Астраханский переулок;Белорусский вокзал;Метро «Новослободская»;27;20;55.7797137;37.6414789;osm-node-697485002;Ботанический переулок;28;21;1;149.5;osm-node-1257401460;Улица Достоевского;2692.1;10;1;OpenStreetMap;2026-02-09;0
7;50;3299879;1538169;1;0;osm-node-697485002;Ботанический переулок;Белорусский вокзал;Метро «Новослободская»;28;21;55.7799462;37.6391258;osm-node-697485003;Метро «Проспект Мира»;29;22;1;292.0;osm-node-1257401460;Улица Достоевского;2542.6;9;1;OpenStreetMap;2026-02-09;0
7;50;3299879;1538169;1;0;osm-node-697485003;Метро «Проспект Мира»;Белорусский вокзал;Метро «Новослободская»;29;22;55.7804252;37.6345339;osm-node-4656724436;Спорткомплекс «Олимпийский»;30;23;1;145.1;osm-node-1257401460;Улица Достоевского;2250.6;8;1;OpenStreetMap;2026-02-09;0
7;50;3299879;1538169;1;0;osm-node-4656724436;Спорткомплекс «Олимпийский»;Белорусский вокзал;Метро «Новослободская»;30;23;55.7806765;37.6322647;osm-node-1257401479;Улица Гиляровского;31;24;1;174.4;osm-node-1257401460;Улица Достоевского;2105.5;7;1;OpenStreetMap;2026-02-09;0
7;50;3299879;1538169;1;0;osm-node-1257401479;Улица Гиляровского;Белорусский вокзал;Метро «Новослободская»;31;24;55.7797081;37.6309371;osm-node-1257401483;Улица Щепкина;32;25;1;214.8;osm-node-1257401460;Улица Достоевского;1931.0;6;1;OpenStreetMap;2026-02-09;0
7;50;3299879;1538169;1;0;osm-node-1257401483;Улица Щепкина;Белорусский вокзал;Метро «Новослободская»;32;25;55.7783415;37.6295646;osm-node-3016214907;Театр зверей имени Дурова;33;26;1;375.5;osm-node-1257401460;Улица Достоевского;1716.2;5;1;OpenStreetMap;2026-02-09;0
7;50;3299879;1538169;1;0;osm-node-3016214907;Театр зверей имени Дурова;Белорусский вокзал;Метро «Новослободская»;33;26;55.7789735;37.6237388;osm-node-3598834231;Самотёчная улица;34;27;1;530.8;osm-node-1257401460;Улица Достоевского;1340.7;4;1;OpenStreetMap;2026-02-09;0
7;50;3299879;1538169;1;0;osm-node-3598834231;Самотёчная улица;Белорусский вокзал;Метро «Новослободская»;34;27;55.7785719;37.6168427;osm-node-1257401477;4-й Самотёчный переулок;35;28;1;252.3;osm-node-1257401460;Улица Достоевского;809.9;3;1;OpenStreetMap;2026-02-09;0
7;50;3299879;1538169;1;0;osm-node-1257401477;4-й Самотёчный переулок;Белорусский вокзал;Метро «Новослободская»;35;28;55.7794186;37.6131408;osm-node-3016716232;Селезнёвская улица;36;29;1;287.5;osm-node-1257401460;Улица Достоевского;557.6;2;1;OpenStreetMap;2026-02-09;0
7;50;3299879;1538169;1;0;osm-node-3016716232;Селезнёвская улица;Белорусский вокзал;Метро «Новослободская»;36;29;55.7805585;37.6090907;osm-node-1257401460;Улица Достоевского;37;30;1;270.1;osm-node-1257401460;Улица Достоевского;270.1;1;1;OpenStreetMap;2026-02-09;0
11;12;918052;14258875;0;1;osm-node-1475230084;Метро «Семёновская»;Восточное Измайлово;Восточное Измайлово;25;30;55.7822559;37.7203543;osm-node-1475230072;Улица Ибрагимова;26;31;1;589.2;osm-node-1468322492;Восточное Измайлово;6972.6;15;1;OpenStreetMap;2026-02-09;0
11;12;918052;14258875;0;1;osm-node-1475230072;Улица Ибрагимова;Восточное Измайлово;Восточное Измайлово;26;31;55.782619;37.7297544;osm-node-1475230089;Фортунатовская улица;27;32;1;543.6;osm-node-1468322492;Восточное Измайлово;6383.5;14;1;OpenStreetMap;2026-02-09;0
11;12;918052;14258875;0;1;osm-node-1475230089;Фортунатовская улица;Восточное Измайлово;Восточное Измайлово;27;32;55.782967;37.7384266;osm-node-1478068143;Мост Окружной железной дороги;28;33;1;539.2;osm-node-1468322492;Восточное Измайлово;5839.8;13;1;OpenStreetMap;2026-02-09;0
11;12;918052;14258875;0;1;osm-node-1478068143;Мост Окружной железной дороги;Восточное Измайлово;Восточное Измайлово;28;33;55.7839731;37.745951;osm-node-275634389;Метро «Партизанская»;29;34;1;522.0;osm-node-1468322492;Восточное Измайлово;5300.6;12;1;OpenStreetMap;2026-02-09;0
11;12;918052;14258875;0;1;osm-node-275634389;Метро «Партизанская»;Восточное Измайлово;Восточное Измайлово;29;34;55.7865575;37.7506449;osm-node-728258096;Главная аллея;30;35;1;690.5;osm-node-1468322492;Восточное Измайлово;4778.6;11;1;OpenStreetMap;2026-02-09;0
11;12;918052;14258875;0;1;osm-node-728258096;Главная аллея;Восточное Измайлово;Восточное Измайлово;30;35;55.7867695;37.7616821;osm-node-1468321481;Галерея «Измайлово»;31;36;1;893.1;osm-node-1468322492;Восточное Измайлово;4088.0;10;1;OpenStreetMap;2026-02-09;0
11;12;918052;14258875;0;1;osm-node-1468321481;Галерея «Измайлово»;Восточное Измайлово;Восточное Измайлово;31;36;55.790575;37.7723233;osm-node-1468321457;Измайловская площадь;32;37;1;202.1;osm-node-1468322492;Восточное Измайлово;3194.9;9;1;OpenStreetMap;2026-02-09;0
11;12;918052;14258875;0;1;osm-node-1468321457;Измайловская площадь;Восточное Измайлово;Восточное Измайлово;32;37;55.7914327;37.7751728;osm-node-1468322504;3-я Парковая улица;33;38;1;483.0;osm-node-1468322492;Восточное Измайлово;2992.8;8;1;OpenStreetMap;2026-02-09;0
11;12;918052;14258875;0;1;osm-node-1468322504;3-я Парковая улица;Восточное Измайлово;Восточное Измайлово;33;38;55.7927391;37.7825068;osm-node-1468322520;5-я Парковая улица;34;39;1;319.6;osm-node-1468322492;Восточное Измайлово;2509.9;7;1;OpenStreetMap;2026-02-09;0
11;12;918052;14258875;0;1;osm-node-1468322520;5-я Парковая улица;Восточное Измайлово;Восточное Измайлово;34;39;55.7930039;37.7875846;osm-node-1468322522;7-я Парковая улица;35;40;1;371.8;osm-node-1468322492;Восточное Измайлово;2190.3;6;1;OpenStreetMap;2026-02-09;0
11;12;918052;14258875;0;1;osm-node-1468322522;7-я Парковая улица;Восточное Измайлово;Восточное Измайлово;35;40;55.7931434;37.7935259;osm-node-1468321514;Метро «Первомайская»;36;41;1;325.8;osm-node-1468322492;Восточное Измайлово;1818.5;5;1;OpenStreetMap;2026-02-09;0
11;12;918052;14258875;0;1;osm-node-1468321514;Метро «Первомайская»;Восточное Измайлово;Восточное Измайлово;36;41;55.7932108;37.798736;osm-node-1468321473;Районный центр «Первомайский»;37;42;1;403.5;osm-node-1468322492;Восточное Измайлово;1492.7;4;1;OpenStreetMap;2026-02-09;0
11;12;918052;14258875;0;1;osm-node-1468321473;Районный центр «Первомайский»;Восточное Измайлово;Восточное Измайлово;37;42;55.7933138;37.8051886;osm-node-1468322481;13-я Парковая улица;38;43;1;443.4;osm-node-1468322492;Восточное Измайлово;1089.2;3;1;OpenStreetMap;2026-02-09;0
11;12;918052;14258875;0;1;osm-node-1468322481;13-я Парковая улица;Восточное Измайлово;Восточное Измайлово;38;43;55.7934378;37.8122785;osm-node-1468322487;15-я Парковая улица;39;44;1;484.4;osm-node-1468322492;Восточное Измайлово;645.8;2;1;OpenStreetMap;2026-02-09;0
11;12;918052;14258875;0;1;osm-node-1468322487;15-я Парковая улица;Восточное Измайлово;Восточное Измайлово;39;44;55.793568;37.8200246;osm-node-1468322492;Восточное Измайлово;40;45;1;161.3;osm-node-1468322492;Восточное Измайлово;161.3;1;1;OpenStreetMap;2026-02-09;0
11;12;920053;14258874;1;0;osm-node-1468322377;Восточное Измайлово;Останкино;МЦК Дубровка;1;1;55.793645;37.8215118;osm-node-1468322489;15-я Парковая улица;2;2;1;119.3;osm-node-1475230086;Метро «Семёновская»;6841.5;15;1;OpenStreetMap;2026-02-09;0
11;12;920053;14258874;1;0;osm-node-1468322489;15-я Парковая улица;Останкино;МЦК Дубровка;2;2;55.7936098;37.8196049;osm-node-1468322484;13-я Парковая улица;3;3;1;408.6;osm-node-1475230086;Метро «Семёновская»;6722.2;14;1;OpenStreetMap;2026-02-09;0
11;12;920053;14258874;1;0;osm-node-1468322484;13-я Парковая улица;Останкино;МЦК Дубровка;3;3;55.793497;37.8130709;osm-node-1468321477;Районный центр «Первомайский»;4;4;1;439.9;osm-node-1475230086;Метро «Семёновская»;6313.6;13;1;OpenStreetMap;2026-02-09;0
11;12;920053;14258874;1;0;osm-node-1468321477;Районный центр «Первомайский»;Останкино;МЦК Дубровка;4;4;55.7933762;37.8060375;osm-node-1468321517;Метро «Первомайская»;5;5;1;369.4;osm-node-1475230086;Метро «Семёновская»;5873.7;12;1;OpenStreetMap;2026-02-09;0
11;12;920053;14258874;1;0;osm-node-1468321517;Метро «Первомайская»;Останкино;МЦК Дубровка;5;5;55.7932703;37.8001317;osm-node-1468322523;7-я Парковая улица;6;6;1;359.3;osm-node-1475230086;Метро «Семёновская»;5504.3;11;1;OpenStreetMap;2026-02-09;0
11;12;920053;14258874;1;0;osm-node-1468322523;7-я Парковая улица;Останкино;МЦК Дубровка;6;6;55.7932016;37.794385;osm-node-1468322521;5-я Парковая улица;7;7;1;352.6;osm-node-1475230086;Метро «Семёновская»;5145.0;10;1;OpenStreetMap;2026-02-09;0
11;12;920053;14258874;1;0;osm-node-1468322521;5-я Парковая улица;Останкино;МЦК Дубровка;7;7;55.7930892;37.7887486;osm-node-1468322508;3-я Парковая улица;8;8;1;327.4;osm-node-1475230086;Метро «Семёновская»;4792.4;9;1;OpenStreetMap;2026-02-09;0
11;12;920053;14258874;1;0;osm-node-1468322508;3-я Парковая улица;Останкино;МЦК Дубровка;8;8;55.7929044;37.7835271;osm-node-1468321464;Измайловская площадь;9;9;1;487.0;osm-node-1475230086;Метро «Семёновская»;4464.9;8;1;OpenStreetMap;2026-02-09;0
11;12;920053;14258874;1;0;osm-node-1468321464;Измайловская площадь;Останкино;МЦК Дубровка;9;9;55.7917312;37.7760462;osm-node-4725748726;Галерея «Измайлово»;10;10;1;367.2;osm-node-1475230086;Метро «Семёновская»;3978.0;7;1;OpenStreetMap;2026-02-09;0
11;12;920053;14258874;1;0;osm-node-4725748726;Галерея «Измайлово»;Останкино;МЦК Дубровка;10;10;55.7901861;37.7708552;osm-node-275634390;Главная аллея;11;11;1;872.3;osm-node-1475230086;Метро «Семёновская»;3610.8;6;1;OpenStreetMap;2026-02-09;0
11;12;920053;14258874;1;0;osm-node-275634390;Главная аллея;Останкино;МЦК Дубровка;11;11;55.7867745;37.7603431;osm-node-1468321511;Метро «Партизанская»;12;12;1;576.7;osm-node-1475230086;Метро «Семёновская»;2738.5;5;1;OpenStreetMap;2026-02-09;0
11;12;920053;14258874;1;0;osm-node-1468321511;Метро «Партизанская»;Останкино;МЦК Дубровка;12;12;55.7866072;37.7511246;osm-node-1478068142;Мост Окружной железной дороги;13;13;1;558.9;osm-node-1475230086;Метро «Семёновская»;2161.8;4;1;OpenStreetMap;2026-02-09;0
11;12;920053;14258874;1;0;osm-node-1478068142;Мост Окружной железной дороги;Останкино;МЦК Дубровка;13;13;55.7839713;37.7458895;osm-node-1475230092;Фортунатовская улица;14;14;1;488.2;osm-node-1475230086;Метро «Семёновская»;1602.8;3;1;OpenStreetMap;2026-02-09;0
11;12;920053;14258874;1;0;osm-node-1475230092;Фортунатовская улица;Останкино;МЦК Дубровка;14;14;55.7830217;37.7391403;osm-node-1475230075;Улица Ибрагимова;15;15;1;508.5;osm-node-1475230086;Метро «Семёновская»;1114.6;2;1;OpenStreetMap;2026-02-09;0
11;12;920053;14258874;1;0;osm-node-1475230075;Улица Ибрагимова;Останкино;МЦК Дубровка;15;15;55.7826955;37.7310291;osm-node-1475230086;Метро «Семёновская»;16;16;1;606.1;osm-node-1475230086;Метро «Семёновская»;606.1;1;1;OpenStreetMap;2026-02-09;0
11;17;918052;540033;0;0;osm-node-444863659;Останкино;Восточное Измайлово;Медведково;1;1;55.8235904;37.6157775;osm-node-535844745;Аргуновская улица;2;2;1;480.2;osm-node-243894862;ВДНХ (северный вход);2265.4;5;1;OpenStreetMap;2026-02-09;0
11;17;918052;540033;0;0;osm-node-535844745;Аргуновская улица;Восточное Измайлово;Медведково;2;2;55.8218598;37.6213391;osm-node-639572174;Улица Цандера;3;3;1;424.7;osm-node-243894862;ВДНХ (северный вход);1785.3;4;1;OpenStreetMap;2026-02-09;0
11;17;918052;540033;0;0;osm-node-639572174;Улица Цандера;Восточное Измайлово;Медведково;3;3;55.821823;37.628137;osm-node-535844754;ВДНХ (южный вход);4;4;1;352.4;osm-node-243894862;ВДНХ (северный вход);1360.6;3;1;OpenStreetMap;2026-02-09;0
11;17;918052;540033;0;0;osm-node-535844754;ВДНХ (южный вход);Восточное Измайлово;Медведково;4;4;55.8220741;37.6336906;osm-node-535844761;Метро «ВДНХ»;5;5;1;401.9;osm-node-243894862;ВДНХ (северный вход);1008.2;2;1;OpenStreetMap;2026-02-09;0
11;17;918052;540033;0;0;osm-node-535844761;Метро «ВДНХ»;Восточное Измайлово;Медведково;5;5;55.8240069;37.6387399;osm-node-243894862;ВДНХ (северный вход);6;6;1;606.4;osm-node-243894862;ВДНХ (северный вход);606.4;1;1;OpenStreetMap;2026-02-09;0
11;17;920053;540139;1;1;osm-node-535516914;ВДНХ (северный вход);Останкино;Останкино;36;21;55.8272421;37.6460967;osm-node-535516842;Метро «ВДНХ»;37;22;1;647.3;osm-node-3236023227;Останкино;2109.8;5;1;OpenStreetMap;2026-02-09;0
11;17;920053;540139;1;1;osm-node-535516842;Метро «ВДНХ»;Останкино;Останкино;37;22;55.8238048;37.6382716;osm-node-1046562062;ВДНХ (южный вход);38;23;1;349.9;osm-node-3236023227;Останкино;1462.5;4;1;OpenStreetMap;2026-02-09;0
11;17;920053;540139;1;1;osm-node-1046562062;ВДНХ (южный вход);Останкино;Останкино;38;23;55.822092;37.6339085;osm-node-1046561946;Улица Цандера;39;24;1;337.0;osm-node-3236023227;Останкино;1112.6;3;1;OpenStreetMap;2026-02-09;0
11;17;920053;540139;1;1;osm-node-1046561946;Улица Цандера;Останкино;Останкино;39;24;55.8218406;37.6286054;osm-node-535516828;Аргуновская улица;40;25;1;404.6;osm-node-3236023227;Останкино;775.6;2;1;OpenStreetMap;2026-02-09;0
11;17;920053;540139;1;1;osm-node-535516828;Аргуновская улица;Останкино;Останкино;40;25;55.8218859;37.6221282;osm-node-3236023227;Останкино;41;26;1;370.9;osm-node-3236023227;Останкино;370.9;1;1;OpenStreetMap;2026-02-09;0
11;25;918052;3186264;0;0;osm-node-444863659;Останкино;Восточное Измайлово;Метро «Сокольники»;1;1;55.8235904;37.6157775;osm-node-535844745;Аргуновская улица;2;2;1;480.2;osm-node-287393738;Ростокинский проезд;4988.0;11;1;OpenStreetMap;2026-02-09;0
11;25;918052;3186264;0;0;osm-node-535844745;Аргуновская улица;Восточное Измайлово;Метро «Сокольники»;2;2;55.8218598;37.6213391;osm-node-639572174;Улица Цандера;3;3;1;424.7;osm-node-287393738;Ростокинский проезд;4507.8;10;1;OpenStreetMap;2026-02-09;0
11;25;918052;3186264;0;0;osm-node-639572174;Улица Цандера;Восточное Измайлово;Метро «Сокольники»;3;3;55.821823;37.628137;osm-node-535844754;ВДНХ (южный вход);4;4;1;352.4;osm-node-287393738;Ростокинский проезд;4083.1;9;1;OpenStreetMap;2026-02-09;0
11;25;918052;3186264;0;0;osm-node-535844754;ВДНХ (южный вход);Восточное Измайлово;Метро «Сокольники»;4;4;55.8220741;37.6336906;osm-node-535844761;Метро «ВДНХ»;5;5;1;401.9;osm-node-287393738;Ростокинский проезд;3730.7;8;1;OpenStreetMap;2026-02-09;0
11;25;918052;3186264;0;0;osm-node-535844761;Метро «ВДНХ»;Восточное Измайлово;Метро «Сокольники»;5;5;55.8240069;37.6387399;osm-node-243894862;ВДНХ (северный вход);6;6;1;606.4;osm-node-287393738;Ростокинский проезд;3328.9;7;1;OpenStreetMap;2026-02-09;0
11;25;918052;3186264;0;0;osm-node-243894862;ВДНХ (северный вход);Восточное Измайлово;Метро «Сокольники»;6;6;55.8272146;37.6460711;osm-node-1677617756;Ярославская улица;7;7;1;463.0;osm-node-287393738;Ростокинский проезд;2722.5;6;1;OpenStreetMap;2026-02-09;0
11;25;918052;3186264;0;0;osm-node-1677617756;Ярославская улица;Восточное Измайлово;Метро «Сокольники»;7;7;55.8249706;37.6522783;osm-node-1677617737;улица Бориса Галушкина, 17;8;8;1;460.6;osm-node-287393738;Ростокинский проезд;2259.6;5;1;OpenStreetMap;2026-02-09;0
11;25;918052;3186264;0;0;osm-node-1677617737;улица Бориса Галушкина, 17;Восточное Измайлово;Метро «Сокольники»;8;8;55.8228406;37.6586016;osm-node-1677617709;Площадь Академика Люльки;9;9;1;205.3;osm-node-287393738;Ростокинский проезд;1798.9;4;1;OpenStreetMap;2026-02-09;0
11;25;918052;3186264;0;0;osm-node-1677617709;Площадь Академика Люльки;Восточное Измайлово;Метро «Сокольники»;9;9;55.8219602;37.6614911;osm-node-2447720025;Станция юных натуралистов;10;10;1;678.1;osm-node-287393738;Ростокинский проезд;1593.6;3;1;OpenStreetMap;2026-02-09;0
11;25;918052;3186264;0;0;osm-node-2447720025;Станция юных натуралистов;Восточное Измайлово;Метро «Сокольники»;10;10;55.8191388;37.6711136;osm-node-287393729;Лингвистический университет;11;11;1;521.6;osm-node-287393738;Ростокинский проезд;915.5;2;1;OpenStreetMap;2026-02-09;0
11;25;918052;3186264;0;0;osm-node-287393729;Лингвистический университет;Восточное Измайлово;Метро «Сокольники»;11;11;55.8173407;37.6787958;osm-node-287393738;Ростокинский проезд;12;12;1;393.9;osm-node-287393738;Ростокинский проезд;393.9;1;1;OpenStreetMap;2026-02-09;0
11;25;920053;3186265;1;1;osm-node-718450763;Лингвистический университет;Останкино;Останкино;30;10;55.8173922;37.6786674;osm-node-287393722;Станция юных натуралистов;31;11;1;545.7;osm-node-3236023227;Останкино;4428.7;11;1;OpenStreetMap;2026-02-09;0
11;25;920053;3186265;1;1;osm-node-287393722;Станция юных натуралистов;Останкино;Останкино;31;11;55.8193086;37.6706581;osm-node-1677617703;Площадь Академика Люльки;32;12;1;599.6;osm-node-3236023227;Останкино;3883.0;10;1;OpenStreetMap;2026-02-09;0
11;25;920053;3186265;1;1;osm-node-1677617703;Площадь Академика Люльки;Останкино;Останкино;32;12;55.8217922;37.6621394;osm-node-1677617745;улица Бориса Галушкина, 17;33;13;1;293.8;osm-node-3236023227;Останкино;3283.4;9;1;OpenStreetMap;2026-02-09;0
11;25;920053;3186265;1;1;osm-node-1677617745;улица Бориса Галушкина, 17;Останкино;Останкино;33;13;55.8230517;37.658004;osm-node-1677617750;Ярославская улица;34;14;1;410.0;osm-node-3236023227;Останкино;2989.6;8;1;OpenStreetMap;2026-02-09;0
11;25;920053;3186265;1;1;osm-node-1677617750;Ярославская улица;Останкино;Останкино;34;14;55.8249588;37.6523865;osm-node-1677617714;Проспект Мира;35;15;1;280.1;osm-node-3236023227;Останкино;2579.6;7;1;OpenStreetMap;2026-02-09;0
11;25;920053;3186265;1;1;osm-node-1677617714;Проспект Мира;Останкино;Останкино;35;15;55.8263898;37.6487246;osm-node-535516914;ВДНХ (северный вход);36;16;1;189.6;osm-node-3236023227;Останкино;2299.4;6;1;OpenStreetMap;2026-02-09;0
11;25;920053;3186265;1;1;osm-node-535516914;ВДНХ (северный вход);Останкино;Останкино;36;16;55.8272421;37.6460967;osm-node-535516842;Метро «ВДНХ»;37;17;1;647.3;osm-node-3236023227;Останкино;2109.8;5;1;OpenStreetMap;2026-02-09;0
11;25;920053;3186265;1;1;osm-node-535516842;Метро «ВДНХ»;Останкино;Останкино;37;17;55.8238048;37.6382716;osm-node-1046562062;ВДНХ (южный вход);38;18;1;349.9;osm-node-3236023227;Останкино;1462.5;4;1;OpenStreetMap;2026-02-09;0
11;25;920053;3186265;1;1;osm-node-1046562062;ВДНХ (южный вход);Останкино;Останкино;38;18;55.822092;37.6339085;osm-node-1046561946;Улица Цандера;39;19;1;337.0;osm-node-3236023227;Останкино;1112.6;3;1;OpenStreetMap;2026-02-09;0
11;25;920053;3186265;1;1;osm-node-1046561946;Улица Цандера;Останкино;Останкино;39;19;55.8218406;37.6286054;osm-node-535516828;Аргуновская улица;40;20;1;404.6;osm-node-3236023227;Останкино;775.6;2;1;OpenStreetMap;2026-02-09;0
11;25;920053;3186265;1;1;osm-node-535516828;Аргуновская улица;Останкино;Останкино;40;20;55.8218859;37.6221282;osm-node-3236023227;Останкино;41;21;1;370.9;osm-node-3236023227;Останкино;370.9;1;1;OpenStreetMap;2026-02-09;0
12;50;14258874;1538169;0;0;osm-node-800886899;Дом культуры «Компрессор»;МЦК Дубровка;Метро «Новослободская»;27;1;55.7530488;37.7238732;osm-node-7618078829;Метро «Авиамоторная»;28;2;1;217.0;osm-node-800886916;Метро «Авиамоторная»;537.9;2;1;OpenStreetMap;2026-02-09;0
12;50;14258874;1538169;0;0;osm-node-7618078829;Метро «Авиамоторная»;МЦК Дубровка;Метро «Новослободская»;28;2;55.7524097;37.7205977;osm-node-800886916;Метро «Авиамоторная»;29;3;1;321.0;osm-node-800886916;Метро «Авиамоторная»;321.0;1;1;OpenStreetMap;2026-02-09;0
12;50;14258875;1538170;1;1;osm-node-250722843;Метро «Авиамоторная»;Восточное Измайлово;Дом культуры «Компрессор»;18;40;55.7515552;37.7161454;osm-node-7618078828;Метро «Авиамоторная»;19;41;1;275.6;osm-node-695081254;Дом культуры «Компрессор»;503.2;2;1;OpenStreetMap;2026-02-09;0
12;50;14258875;1538170;1;1;osm-node-7618078828;Метро «Авиамоторная»;Восточное Измайлово;Дом культуры «Компрессор»;19;41;55.7523273;37.7203255;osm-node-695081254;Дом культуры «Компрессор»;20;42;1;227.6;osm-node-695081254;Дом культуры «Компрессор»;227.6;1;1;OpenStreetMap;2026-02-09;0
17;25;540033;3186264;0;0;osm-node-444863659;Останкино;Медведково;Метро «Сокольники»;1;1;55.8235904;37.6157775;osm-node-535844745;Аргуновская улица;2;2;1;480.2;osm-node-243894862;ВДНХ (северный вход);2265.4;5;1;OpenStreetMap;2026-02-09;0
17;25;540033;3186264;0;0;osm-node-535844745;Аргуновская улица;Медведково;Метро «Сокольники»;2;2;55.8218598;37.6213391;osm-node-639572174;Улица Цандера;3;3;1;424.7;osm-node-243894862;ВДНХ (северный вход);1785.3;4;1;OpenStreetMap;2026-02-09;0
17;25;540033;3186264;0;0;osm-node-639572174;Улица Цандера;Медведково;Метро «Сокольники»;3;3;55.821823;37.628137;osm-node-535844754;ВДНХ (южный вход);4;4;1;352.4;osm-node-243894862;ВДНХ (северный вход);1360.6;3;1;OpenStreetMap;2026-02-09;0
17;25;540033;3186264;0;0;osm-node-535844754;ВДНХ (южный вход);Медведково;Метро «Сокольники»;4;4;55.8220741;37.6336906;osm-node-535844761;Метро «ВДНХ»;5;5;1;401.9;osm-node-243894862;ВДНХ (северный вход);1008.2;2;1;OpenStreetMap;2026-02-09;0
17;25;540033;3186264;0;0;osm-node-535844761;Метро «ВДНХ»;Медведково;Метро «Сокольники»;5;5;55.8240069;37.6387399;osm-node-243894862;ВДНХ (северный вход);6;6;1;606.4;osm-node-243894862;ВДНХ (северный вход);606.4;1;1;OpenStreetMap;2026-02-09;0
17;25;540139;3186265;1;1;osm-node-535516914;ВДНХ (северный вход);Останкино;Останкино;21;16;55.8272421;37.6460967;osm-node-535516842;Метро «ВДНХ»;22;17;1;647.3;osm-node-3236023227;Останкино;2109.8;5;1;OpenStreetMap;2026-02-09;0
17;25;540139;3186265;1;1;osm-node-535516842;Метро «ВДНХ»;Останкино;Останкино;22;17;55.8238048;37.6382716;osm-node-1046562062;ВДНХ (южный вход);23;18;1;349.9;osm-node-3236023227;Останкино;1462.5;4;1;OpenStreetMap;2026-02-09;0
17;25;540139;3186265;1;1;osm-node-1046562062;ВДНХ (южный вход);Останкино;Останкино;23;18;55.822092;37.6339085;osm-node-1046561946;Улица Цандера;24;19;1;337.0;osm-node-3236023227;Останкино;1112.6;3;1;OpenStreetMap;2026-02-09;0
17;25;540139;3186265;1;1;osm-node-1046561946;Улица Цандера;Останкино;Останкино;24;19;55.8218406;37.6286054;osm-node-535516828;Аргуновская улица;25;20;1;404.6;osm-node-3236023227;Останкино;775.6;2;1;OpenStreetMap;2026-02-09;0
17;25;540139;3186265;1;1;osm-node-535516828;Аргуновская улица;Останкино;Останкино;25;20;55.8218859;37.6221282;osm-node-3236023227;Останкино;26;21;1;370.9;osm-node-3236023227;Останкино;370.9;1;1;OpenStreetMap;2026-02-09;0
