route_a;route_b;relation_a;relation_b;direction_a;direction_b;towards_a;towards_b;shared_departure_stops;departure_stop_ids;departure_stop_names;end_stop_id;end_stop_name;corridor_m;geometry_as_of;historical_2025_verified
5;7;7556406;556900;0;0;Метро «Рижская»;Метро «Бульвар Рокоссовского»;4;osm-node-5041552959|osm-node-6173481392|osm-node-1927810164|osm-node-4291992645;Белорусский вокзал | Метро «Белорусская» | ДК Зуева | Миусское депо;osm-node-4291992592;Лесная улица;1286.2;2026-02-09;0
5;7;15840810;3299879;1;1;Белорусский вокзал;Белорусский вокзал;5;osm-node-4291992598|osm-node-4291989485|osm-node-6180449287|osm-node-1927810165|osm-node-6173481393;Улица Палиха | Лесная улица | Миусское депо | ДК Зуева | Метро «Белорусская»;osm-node-5041552959;Белорусский вокзал;1480.0;2026-02-09;0
5;50;7556406;1538170;0;1;Метро «Рижская»;Дом культуры «Компрессор»;5;osm-node-2631470110|osm-node-2631470111|osm-node-4291992590|osm-node-2631470095|osm-node-2631470113;Улица Палиха | Тихвинский переулок | Минаевский переулок | Дворец культуры МИИТ | Улица Образцова;osm-node-13388798128;МИИТ;1134.2;2026-02-09;0
5;50;15840810;1538169;1;0;Белорусский вокзал;Метро «Новослободская»;4;osm-node-13388798130|osm-node-2631470114|osm-node-2631470097|osm-node-2631470108;МИИТ | Улица Образцова | Дворец культуры МИИТ | Минаевский переулок;osm-node-2631470112;Тихвинский переулок;882.5;2026-02-09;0
7;11;556900;920053;0;1;Метро «Бульвар Рокоссовского»;Останкино;5;osm-node-1984681607|osm-node-1984681624|osm-node-1984681574|osm-node-1984681580|osm-node-1984682066;Метро «Преображенская площадь» | Улица Хромова | Мосгорсуд | Телерадиокомпания «Мир» | 1-я Прогонная улица;osm-node-1984681646;Инновационный университет;2111.4;2026-02-09;0
7;11;3299879;918052;1;0;Белорусский вокзал;Восточное Измайлово;5;osm-node-1984681642|osm-node-1984682069|osm-node-1984681582|osm-node-1984681577|osm-node-1984681614;Инновационный университет | 1-я Прогонная улица | Телерадиокомпания «Мир» | Мосгорсуд | Улица Хромова;osm-node-1984681612;Метро «Преображенская площадь»;2022.1;2026-02-09;0
7;50;556900;1538170;0;1;Метро «Бульвар Рокоссовского»;Дом культуры «Компрессор»;16;osm-node-12464935104|osm-node-3007312924|osm-node-3016721033|osm-node-473120396|osm-node-473120397|osm-node-3016214896|osm-node-473120399|osm-node-473120400|osm-node-4656724435|osm-node-473120401|osm-node-473120402|osm-node-4291989484|osm-node-473120404|osm-node-11987259526|osm-node-13134322144|osm-node-471943151;Площадь Борьбы | Улица Достоевского | Селезнёвская улица | 4-й Самотёчный переулок | Самотёчная улица | Театр зверей имени Дурова | Улица Щепкина | Улица Гиляровского | Спорткомплекс «Олимпийский» | Метро «Проспект Мира» | Ботанический переулок | Астраханский переулок | Пантелеевская улица | Каланчёвская улица | МЦД Площадь трёх вокзалов | Метро «Комсомольская»;osm-node-471943152;Метро «Красносельская»;4989.2;2026-02-09;0
7;50;3299879;1538169;1;0;Белорусский вокзал;Метро «Новослободская»;14;osm-node-387747233|osm-node-13134322142|osm-node-2214943613|osm-node-697485006|osm-node-473120403|osm-node-697485002|osm-node-697485003|osm-node-4656724436|osm-node-1257401479|osm-node-1257401483|osm-node-3016214907|osm-node-3598834231|osm-node-1257401477|osm-node-3016716232;Метро «Комсомольская» | МЦД Площадь трёх вокзалов | Каланчёвская улица | Пантелеевская улица | Астраханский переулок | Ботанический переулок | Метро «Проспект Мира» | Спорткомплекс «Олимпийский» | Улица Гиляровского | Улица Щепкина | Театр зверей имени Дурова | Самотёчная улица | 4-й Самотёчный переулок | Селезнёвская улица;osm-node-1257401460;Улица Достоевского;3913.8;2026-02-09;0
11;12;918052;14258875;0;1;Восточное Измайлово;Восточное Измайлово;15;osm-node-1475230084|osm-node-1475230072|osm-node-1475230089|osm-node-1478068143|osm-node-275634389|osm-node-728258096|osm-node-1468321481|osm-node-1468321457|osm-node-1468322504|osm-node-1468322520|osm-node-1468322522|osm-node-1468321514|osm-node-1468321473|osm-node-1468322481|osm-node-1468322487;Метро «Семёновская» | Улица Ибрагимова | Фортунатовская улица | Мост Окружной железной дороги | Метро «Партизанская» | Главная аллея | Галерея «Измайлово» | Измайловская площадь | 3-я Парковая улица | 5-я Парковая улица | 7-я Парковая улица | Метро «Первомайская» | Районный центр «Первомайский» | 13-я Парковая улица | 15-я Парковая улица;osm-node-1468322492;Восточное Измайлово;6972.6;2026-02-09;0
11;12;920053;14258874;1;0;Останкино;МЦК Дубровка;15;osm-node-1468322377|osm-node-1468322489|osm-node-1468322484|osm-node-1468321477|osm-node-1468321517|osm-node-1468322523|osm-node-1468322521|osm-node-1468322508|osm-node-1468321464|osm-node-4725748726|osm-node-275634390|osm-node-1468321511|osm-node-1478068142|osm-node-1475230092|osm-node-1475230075;Восточное Измайлово | 15-я Парковая улица | 13-я Парковая улица | Районный центр «Первомайский» | Метро «Первомайская» | 7-я Парковая улица | 5-я Парковая улица | 3-я Парковая улица | Измайловская площадь | Галерея «Измайлово» | Главная аллея | Метро «Партизанская» | Мост Окружной железной дороги | Фортунатовская улица | Улица Ибрагимова;osm-node-1475230086;Метро «Семёновская»;6841.5;2026-02-09;0
11;17;918052;540033;0;0;Восточное Измайлово;Медведково;5;osm-node-444863659|osm-node-535844745|osm-node-639572174|osm-node-535844754|osm-node-535844761;Останкино | Аргуновская улица | Улица Цандера | ВДНХ (южный вход) | Метро «ВДНХ»;osm-node-243894862;ВДНХ (северный вход);2265.4;2026-02-09;0
11;17;920053;540139;1;1;Останкино;Останкино;5;osm-node-535516914|osm-node-535516842|osm-node-1046562062|osm-node-1046561946|osm-node-535516828;ВДНХ (северный вход) | Метро «ВДНХ» | ВДНХ (южный вход) | Улица Цандера | Аргуновская улица;osm-node-3236023227;Останкино;2109.8;2026-02-09;0
11;25;918052;3186264;0;0;Восточное Измайлово;Метро «Сокольники»;11;osm-node-444863659|osm-node-535844745|osm-node-639572174|osm-node-535844754|osm-node-535844761|osm-node-243894862|osm-node-1677617756|osm-node-1677617737|osm-node-1677617709|osm-node-2447720025|osm-node-287393729;Останкино | Аргуновская улица | Улица Цандера | ВДНХ (южный вход) | Метро «ВДНХ» | ВДНХ (северный вход) | Ярославская улица | улица Бориса Галушкина, 17 | Площадь Академика Люльки | Станция юных натуралистов | Лингвистический университет;osm-node-287393738;Ростокинский проезд;4988.0;2026-02-09;0
11;25;920053;3186265;1;1;Останкино;Останкино;11;osm-node-718450763|osm-node-287393722|osm-node-1677617703|osm-node-1677617745|osm-node-1677617750|osm-node-1677617714|osm-node-535516914|osm-node-535516842|osm-node-1046562062|osm-node-1046561946|osm-node-535516828;Лингвистический университет | Станция юных натуралистов | Площадь Академика Люльки | улица Бориса Галушкина, 17 | Ярославская улица | Проспект Мира | ВДНХ (северный вход) | Метро «ВДНХ» | ВДНХ (южный вход) | Улица Цандера | Аргуновская улица;osm-node-3236023227;Останкино;4428.7;2026-02-09;0
12;50;14258874;1538169;0;0;МЦК Дубровка;Метро «Новослободская»;2;osm-node-800886899|osm-node-7618078829;Дом культуры «Компрессор» | Метро «Авиамоторная»;osm-node-800886916;Метро «Авиамоторная»;537.9;2026-02-09;0
12;50;14258875;1538170;1;1;Восточное Измайлово;Дом культуры «Компрессор»;2;osm-node-250722843|osm-node-7618078828;Метро «Авиамоторная» | Метро «Авиамоторная»;osm-node-695081254;Дом культуры «Компрессор»;503.2;2026-02-09;0
17;25;540033;3186264;0;0;Медведково;Метро «Сокольники»;5;osm-node-444863659|osm-node-535844745|osm-node-639572174|osm-node-535844754|osm-node-535844761;Останкино | Аргуновская улица | Улица Цандера | ВДНХ (южный вход) | Метро «ВДНХ»;osm-node-243894862;ВДНХ (северный вход);2265.4;2026-02-09;0
17;25;540139;3186265;1;1;Останкино;Останкино;5;osm-node-535516914|osm-node-535516842|osm-node-1046562062|osm-node-1046561946|osm-node-535516828;ВДНХ (северный вход) | Метро «ВДНХ» | ВДНХ (южный вход) | Улица Цандера | Аргуновская улица;osm-node-3236023227;Останкино;2109.8;2026-02-09;0
